latitude,longitude,elevation,utc_offset_seconds,timezone,timezone_abbreviation
-8.260105,112.67352,369.0,25200,Asia/Jakarta,GMT+7

time,temperature_2m_mean (°C),precipitation_sum (mm),relative_humidity_2m_mean (%)
2018-01-01,23.1,28.20,95
2018-01-02,23.6,38.30,93
2018-01-03,24.1,21.80,91
2018-01-04,23.8,28.40,94
2018-01-05,23.6,14.90,94
2018-01-06,23.3,12.80,95
2018-01-07,23.1,20.60,93
2018-01-08,23.9,4.40,88
2018-01-09,24.0,17.80,90
2018-01-10,23.3,27.00,95
2018-01-11,22.6,21.80,96
2018-01-12,23.5,0.90,81
2018-01-13,24.1,6.90,80
2018-01-14,23.8,3.00,86
2018-01-15,24.0,4.60,85
2018-01-16,23.7,2.60,85
2018-01-17,23.9,2.00,85
2018-01-18,23.8,16.60,91
2018-01-19,22.8,18.10,95
2018-01-20,22.9,31.10,93
2018-01-21,22.9,18.10,92
2018-01-22,23.5,12.70,91
2018-01-23,23.7,8.10,90
2018-01-24,23.6,20.90,91
2018-01-25,23.2,33.90,94
2018-01-26,23.7,21.90,89
2018-01-27,24.3,5.50,86
2018-01-28,24.9,1.40,83
2018-01-29,24.2,18.20,86
2018-01-30,23.6,8.30,88
2018-01-31,24.1,2.80,85
2018-02-01,23.2,16.10,94
2018-02-02,23.4,9.10,92
2018-02-03,23.8,25.10,89
2018-02-04,23.9,1.50,86
2018-02-05,23.7,6.70,91
2018-02-06,22.9,14.80,93
2018-02-07,23.2,25.70,91
2018-02-08,22.7,28.40,95
2018-02-09,22.6,1.90,93
2018-02-10,23.6,2.60,87
2018-02-11,23.7,10.10,88
2018-02-12,24.0,0.80,88
2018-02-13,23.7,16.60,90
2018-02-14,23.8,15.10,89
2018-02-15,23.1,23.40,94
2018-02-16,23.8,2.60,86
2018-02-17,23.8,12.60,88
2018-02-18,24.4,3.30,86
2018-02-19,24.0,9.90,92
2018-02-20,23.7,12.00,93
2018-02-21,24.3,7.80,88
2018-02-22,23.7,22.50,94
2018-02-23,23.6,17.40,92
2018-02-24,23.6,15.90,92
2018-02-25,23.3,12.90,93
2018-02-26,23.2,7.90,93
2018-02-27,23.7,4.10,88
2018-02-28,24.0,4.30,89
2018-03-01,24.2,0.90,85
2018-03-02,23.8,17.50,91
2018-03-03,24.3,4.40,91
2018-03-04,24.2,16.70,92
2018-03-05,24.1,10.60,92
2018-03-06,24.0,21.50,92
2018-03-07,23.5,14.90,97
2018-03-08,23.6,21.90,93
2018-03-09,24.1,5.90,93
2018-03-10,24.3,5.70,90
2018-03-11,24.1,9.20,90
2018-03-12,24.2,2.70,88
2018-03-13,23.5,21.20,93
2018-03-14,23.0,14.60,91
2018-03-15,23.5,2.90,88
2018-03-16,23.7,7.20,91
2018-03-17,23.4,12.80,90
2018-03-18,23.7,3.70,87
2018-03-19,23.5,0.40,90
2018-03-20,24.0,0.00,87
2018-03-21,24.5,3.30,85
2018-03-22,23.8,8.40,88
2018-03-23,24.3,0.70,86
2018-03-24,23.4,5.40,92
2018-03-25,23.7,9.50,93
2018-03-26,24.0,2.30,88
2018-03-27,23.8,1.20,94
2018-03-28,23.9,2.40,91
2018-03-29,24.6,0.10,88
2018-03-30,24.4,2.70,88
2018-03-31,24.2,5.20,87
2018-04-01,24.4,3.50,87
2018-04-02,24.2,16.40,89
2018-04-03,23.7,1.60,93
2018-04-04,23.9,0.40,89
2018-04-05,24.3,0.10,88
2018-04-06,24.2,4.80,87
2018-04-07,24.4,4.80,86
2018-04-08,24.2,10.80,87
2018-04-09,24.2,9.90,87
2018-04-10,24.6,1.90,85
2018-04-11,24.7,3.70,88
2018-04-12,25.0,2.70,86
2018-04-13,24.8,0.00,88
2018-04-14,24.8,4.10,88
2018-04-15,24.9,0.10,87
2018-04-16,24.5,10.80,89
2018-04-17,24.4,3.40,89
2018-04-18,24.8,3.40,86
2018-04-19,24.4,1.70,87
2018-04-20,24.1,16.30,89
2018-04-21,24.8,3.20,87
2018-04-22,25.0,1.30,86
2018-04-23,25.0,1.40,86
2018-04-24,24.9,1.50,85
2018-04-25,24.8,1.70,86
2018-04-26,24.6,0.10,83
2018-04-27,24.5,1.20,82
2018-04-28,24.3,0.00,83
2018-04-29,24.7,0.00,75
2018-04-30,23.9,0.00,76
2018-05-01,23.7,0.20,80
2018-05-02,23.8,0.00,73
2018-05-03,23.7,0.00,80
2018-05-04,24.0,0.00,75
2018-05-05,24.6,0.00,77
2018-05-06,24.7,0.20,78
2018-05-07,24.8,0.00,81
2018-05-08,24.7,0.00,77
2018-05-09,24.6,0.00,77
2018-05-10,25.0,0.00,77
2018-05-11,24.6,0.00,78
2018-05-12,24.8,0.00,79
2018-05-13,24.9,0.00,78
2018-05-14,25.3,0.60,82
2018-05-15,24.7,0.60,86
2018-05-16,24.8,1.60,85
2018-05-17,24.6,0.00,82
2018-05-18,24.4,0.00,81
2018-05-19,24.8,1.20,81
2018-05-20,25.3,0.00,77
2018-05-21,25.0,3.80,85
2018-05-22,25.1,18.40,85
2018-05-23,25.2,4.10,86
2018-05-24,24.7,3.70,85
2018-05-25,25.0,2.20,85
2018-05-26,24.2,0.10,86
2018-05-27,23.6,0.10,87
2018-05-28,23.7,0.00,84
2018-05-29,23.2,0.00,83
2018-05-30,23.1,0.00,82
2018-05-31,23.3,0.00,80
2018-06-01,22.8,0.00,80
2018-06-02,24.1,0.00,78
2018-06-03,24.5,0.00,82
2018-06-04,24.5,0.20,83
2018-06-05,25.5,0.30,78
2018-06-06,24.6,0.30,84
2018-06-07,24.5,0.00,83
2018-06-08,24.3,0.00,85
2018-06-09,23.6,0.00,81
2018-06-10,24.0,0.50,83
2018-06-11,23.7,1.20,87
2018-06-12,23.8,1.90,85
2018-06-13,22.9,0.00,81
2018-06-14,23.1,0.10,80
2018-06-15,23.3,0.00,76
2018-06-16,23.8,0.00,79
2018-06-17,24.0,0.00,81
2018-06-18,23.7,0.00,78
2018-06-19,22.7,13.20,90
2018-06-20,23.3,2.00,90
2018-06-21,23.1,3.60,92
2018-06-22,23.0,2.80,91
2018-06-23,23.0,6.20,91
2018-06-24,22.9,12.10,92
2018-06-25,22.4,5.30,91
2018-06-26,22.3,0.40,89
2018-06-27,22.4,0.20,89
2018-06-28,22.0,0.80,89
2018-06-29,22.0,1.00,88
2018-06-30,22.3,0.20,86
2018-07-01,22.4,0.00,84
2018-07-02,22.4,0.00,88
2018-07-03,22.5,0.40,87
2018-07-04,22.2,1.20,90
2018-07-05,21.5,0.50,81
2018-07-06,21.7,0.00,79
2018-07-07,22.0,0.00,80
2018-07-08,22.2,0.20,85
2018-07-09,22.3,0.00,84
2018-07-10,21.9,0.10,84
2018-07-11,21.7,0.10,82
2018-07-12,21.7,0.00,88
2018-07-13,22.0,0.50,84
2018-07-14,21.5,0.50,84
2018-07-15,21.2,0.00,80
2018-07-16,21.7,0.00,80
2018-07-17,22.1,0.00,84
2018-07-18,22.4,0.00,86
2018-07-19,22.6,0.00,83
2018-07-20,23.5,0.00,85
2018-07-21,23.2,0.00,85
2018-07-22,23.3,0.20,88
2018-07-23,22.9,0.60,87
2018-07-24,22.5,0.00,83
2018-07-25,21.3,0.00,82
2018-07-26,21.6,0.00,82
2018-07-27,21.9,0.40,85
2018-07-28,22.2,1.10,85
2018-07-29,22.2,0.00,79
2018-07-30,22.9,0.00,83
2018-07-31,22.7,0.30,88
2018-08-01,22.5,0.60,87
2018-08-02,21.4,0.50,79
2018-08-03,20.5,2.00,80
2018-08-04,20.7,0.20,82
2018-08-05,20.2,2.40,83
2018-08-06,20.9,0.00,77
2018-08-07,21.5,0.00,85
2018-08-08,22.6,0.00,86
2018-08-09,23.3,0.00,85
2018-08-10,22.5,0.40,85
2018-08-11,22.1,0.40,87
2018-08-12,22.5,0.20,83
2018-08-13,23.1,0.10,83
2018-08-14,22.7,0.00,86
2018-08-15,22.1,0.00,80
2018-08-16,21.8,0.00,76
2018-08-17,21.2,0.00,81
2018-08-18,21.7,0.00,84
2018-08-19,22.6,0.00,84
2018-08-20,23.1,0.10,84
2018-08-21,23.0,0.00,83
2018-08-22,22.8,0.00,82
2018-08-23,22.7,0.00,80
2018-08-24,22.1,0.00,79
2018-08-25,21.9,0.00,76
2018-08-26,22.6,0.00,82
2018-08-27,22.9,1.00,85
2018-08-28,22.4,1.10,88
2018-08-29,22.2,2.90,88
2018-08-30,22.2,3.00,90
2018-08-31,22.4,2.30,89
2018-09-01,21.9,5.00,95
2018-09-02,22.5,1.30,87
2018-09-03,21.9,0.10,82
2018-09-04,22.0,0.00,78
2018-09-05,22.4,1.10,85
2018-09-06,22.4,0.30,86
2018-09-07,22.7,1.60,87
2018-09-08,22.8,0.80,86
2018-09-09,23.4,0.00,83
2018-09-10,23.6,0.80,85
2018-09-11,23.3,0.00,83
2018-09-12,22.5,0.20,81
2018-09-13,22.2,0.00,80
2018-09-14,22.1,0.10,79
2018-09-15,22.1,0.00,79
2018-09-16,22.8,0.00,81
2018-09-17,23.3,0.70,84
2018-09-18,23.6,1.40,84
2018-09-19,23.2,4.30,88
2018-09-20,23.9,0.30,85
2018-09-21,24.1,0.20,83
2018-09-22,23.5,0.00,78
2018-09-23,23.9,0.10,80
2018-09-24,24.3,0.00,78
2018-09-25,23.9,0.00,83
2018-09-26,23.3,0.00,75
2018-09-27,22.8,0.00,76
2018-09-28,22.9,0.00,72
2018-09-29,23.7,0.00,82
2018-09-30,24.3,0.60,79
2018-10-01,24.8,0.00,77
2018-10-02,25.0,0.00,76
2018-10-03,24.4,0.00,80
2018-10-04,24.4,0.00,71
2018-10-05,24.3,0.00,74
2018-10-06,24.8,0.00,77
2018-10-07,24.9,0.40,81
2018-10-08,24.7,0.20,78
2018-10-09,24.2,0.00,78
2018-10-10,24.2,0.00,79
2018-10-11,24.6,0.00,79
2018-10-12,24.9,0.00,78
2018-10-13,24.5,0.00,79
2018-10-14,24.4,0.90,77
2018-10-15,24.5,0.30,81
2018-10-16,24.4,0.10,79
2018-10-17,24.4,1.80,81
2018-10-18,23.4,1.90,84
2018-10-19,23.5,0.20,80
2018-10-20,24.0,0.60,79
2018-10-21,24.1,0.50,82
2018-10-22,24.0,2.00,85
2018-10-23,24.8,1.60,82
2018-10-24,24.7,1.30,84
2018-10-25,23.6,6.00,90
2018-10-26,23.9,0.80,86
2018-10-27,23.9,1.60,86
2018-10-28,23.6,1.30,87
2018-10-29,23.9,1.00,83
2018-10-30,23.8,0.20,80
2018-10-31,23.9,0.10,80
2018-11-01,24.6,0.40,79
2018-11-02,25.3,0.00,78
2018-11-03,25.4,0.00,82
2018-11-04,25.2,0.40,82
2018-11-05,24.8,4.90,88
2018-11-06,24.5,3.40,89
2018-11-07,24.1,28.40,92
2018-11-08,24.0,37.30,94
2018-11-09,23.9,19.70,96
2018-11-10,24.3,15.40,93
2018-11-11,24.3,2.60,92
2018-11-12,23.8,10.60,95
2018-11-13,23.5,49.10,97
2018-11-14,24.4,13.80,92
2018-11-15,24.3,13.90,94
2018-11-16,24.9,0.30,87
2018-11-17,25.2,0.30,87
2018-11-18,25.0,3.90,91
2018-11-19,24.8,0.00,87
2018-11-20,24.9,0.90,86
2018-11-21,24.5,1.20,87
2018-11-22,23.7,1.70,91
2018-11-23,23.3,3.10,87
2018-11-24,23.5,2.70,90
2018-11-25,23.0,30.80,95
2018-11-26,22.7,24.70,97
2018-11-27,23.4,26.80,94
2018-11-28,23.4,40.00,95
2018-11-29,23.3,22.70,96
2018-11-30,23.5,27.20,94
2018-12-01,23.5,12.30,91
2018-12-02,23.6,4.20,92
2018-12-03,24.0,11.50,91
2018-12-04,23.9,18.50,93
2018-12-05,24.2,52.00,93
2018-12-06,24.1,37.10,94
2018-12-07,24.7,17.10,93
2018-12-08,24.2,103.10,92
2018-12-09,24.7,6.60,90
2018-12-10,24.7,5.20,93
2018-12-11,24.6,5.10,94
2018-12-12,24.6,3.70,90
2018-12-13,24.7,0.00,87
2018-12-14,25.2,2.20,86
2018-12-15,23.9,20.40,94
2018-12-16,23.8,2.90,92
2018-12-17,24.0,2.20,87
2018-12-18,23.5,3.20,89
2018-12-19,23.6,3.00,90
2018-12-20,23.7,23.70,92
2018-12-21,23.4,23.10,94
2018-12-22,23.7,10.50,93
2018-12-23,23.2,22.90,96
2018-12-24,22.6,11.70,97
2018-12-25,22.6,43.70,98
2018-12-26,24.0,8.80,88
2018-12-27,24.2,7.10,89
2018-12-28,24.2,2.10,88
2018-12-29,24.6,2.30,85
2018-12-30,23.3,14.60,93
2018-12-31,24.3,7.30,87
2019-01-01,24.2,5.00,87
2019-01-02,24.0,10.70,88
2019-01-03,23.4,30.80,93
2019-01-04,24.0,7.40,86
2019-01-05,24.4,1.70,88
2019-01-06,24.3,47.40,92
2019-01-07,24.3,5.30,91
2019-01-08,24.2,1.30,90
2019-01-09,24.7,5.10,89
2019-01-10,24.9,8.70,88
2019-01-11,25.0,2.20,90
2019-01-12,24.5,16.50,94
2019-01-13,24.2,16.80,94
2019-01-14,24.2,15.90,89
2019-01-15,24.1,31.90,94
2019-01-16,23.5,23.50,95
2019-01-17,23.6,43.50,94
2019-01-18,24.3,18.90,91
2019-01-19,24.0,24.00,94
2019-01-20,24.7,8.40,90
2019-01-21,23.8,40.70,96
2019-01-22,23.8,21.90,93
2019-01-23,24.0,4.00,88
2019-01-24,23.9,22.50,89
2019-01-25,23.7,15.90,90
2019-01-26,24.8,8.40,83
2019-01-27,24.9,7.60,82
2019-01-28,24.9,2.10,83
2019-01-29,25.2,3.10,83
2019-01-30,24.5,26.40,90
2019-01-31,23.7,10.40,92
2019-02-01,24.3,13.10,88
2019-02-02,24.2,6.20,90
2019-02-03,24.2,11.00,93
2019-02-04,23.9,22.40,94
2019-02-05,24.3,9.80,90
2019-02-06,24.4,3.60,91
2019-02-07,24.2,4.30,96
2019-02-08,23.7,24.40,94
2019-02-09,24.3,2.90,89
2019-02-10,24.3,5.90,89
2019-02-11,24.0,1.90,90
2019-02-12,24.1,5.30,89
2019-02-13,24.1,9.30,92
2019-02-14,23.9,16.30,93
2019-02-15,23.9,9.60,93
2019-02-16,24.0,19.10,91
2019-02-17,24.5,9.10,90
2019-02-18,24.0,18.70,92
2019-02-19,24.1,19.80,92
2019-02-20,23.8,26.80,93
2019-02-21,24.5,1.00,88
2019-02-22,24.1,16.60,93
2019-02-23,24.0,15.70,91
2019-02-24,24.2,10.40,90
2019-02-25,24.6,8.10,87
2019-02-26,25.1,2.00,87
2019-02-27,24.7,14.10,92
2019-02-28,24.7,12.30,92
2019-03-01,24.6,3.90,91
2019-03-02,24.0,25.90,92
2019-03-03,24.3,3.80,90
2019-03-04,24.2,10.00,93
2019-03-05,24.5,22.40,91
2019-03-06,23.5,33.30,95
2019-03-07,22.4,152.50,96
2019-03-08,23.3,0.60,85
2019-03-09,23.7,6.20,83
2019-03-10,23.9,16.60,89
2019-03-11,24.6,2.40,87
2019-03-12,24.3,7.80,89
2019-03-13,23.8,21.50,92
2019-03-14,24.5,2.40,86
2019-03-15,23.1,29.00,96
2019-03-16,23.5,18.10,93
2019-03-17,22.2,89.40,98
2019-03-18,23.2,25.00,97
2019-03-19,23.5,54.00,95
2019-03-20,24.3,25.60,92
2019-03-21,24.2,17.50,93
2019-03-22,24.2,14.00,91
2019-03-23,23.9,27.00,93
2019-03-24,24.4,5.60,91
2019-03-25,24.2,11.90,94
2019-03-26,24.2,21.60,94
2019-03-27,24.1,1.60,91
2019-03-28,24.0,4.60,93
2019-03-29,24.2,1.60,89
2019-03-30,24.4,5.10,88
2019-03-31,24.3,0.40,88
2019-04-01,24.1,0.60,87
2019-04-02,23.7,1.50,91
2019-04-03,24.3,2.90,88
2019-04-04,23.9,14.10,93
2019-04-05,23.6,24.30,95
2019-04-06,23.8,13.70,93
2019-04-07,23.8,14.30,95
2019-04-08,24.7,12.60,91
2019-04-09,24.9,6.60,92
2019-04-10,24.5,9.60,94
2019-04-11,24.0,26.90,95
2019-04-12,24.5,7.00,90
2019-04-13,24.0,21.90,95
2019-04-14,24.0,12.00,96
2019-04-15,24.2,14.00,93
2019-04-16,24.4,10.10,93
2019-04-17,24.7,12.50,91
2019-04-18,25.0,2.90,90
2019-04-19,24.5,11.00,89
2019-04-20,24.2,0.10,89
2019-04-21,24.9,2.40,88
2019-04-22,24.8,2.20,88
2019-04-23,24.8,3.90,88
2019-04-24,24.9,3.20,87
2019-04-25,24.7,0.10,86
2019-04-26,24.5,0.00,86
2019-04-27,24.2,5.90,92
2019-04-28,24.4,44.00,91
2019-04-29,24.1,8.00,92
2019-04-30,24.3,1.40,90
2019-05-01,24.1,2.50,90
2019-05-02,24.0,2.90,90
2019-05-03,24.0,0.00,90
2019-05-04,24.0,0.00,87
2019-05-05,23.8,1.20,90
2019-05-06,24.4,1.50,90
2019-05-07,24.4,0.90,90
2019-05-08,24.3,0.10,83
2019-05-09,23.5,0.10,85
2019-05-10,23.4,0.60,89
2019-05-11,23.9,0.00,84
2019-05-12,23.8,0.00,84
2019-05-13,23.8,0.00,87
2019-05-14,24.7,1.00,85
2019-05-15,24.6,0.00,88
2019-05-16,23.7,0.00,87
2019-05-17,23.2,0.00,86
2019-05-18,23.3,0.00,81
2019-05-19,23.6,0.00,81
2019-05-20,24.0,0.00,85
2019-05-21,24.0,0.00,86
2019-05-22,24.2,0.00,86
2019-05-23,23.9,0.80,88
2019-05-24,24.1,0.00,81
2019-05-25,23.7,0.00,81
2019-05-26,23.8,1.50,88
2019-05-27,23.9,2.60,88
2019-05-28,24.1,0.60,87
2019-05-29,24.0,0.30,86
2019-05-30,23.7,0.20,82
2019-05-31,23.1,1.20,85
2019-06-01,22.9,0.40,84
2019-06-02,23.0,0.40,86
2019-06-03,23.2,0.00,86
2019-06-04,24.0,2.20,87
2019-06-05,24.2,0.10,88
2019-06-06,24.4,0.50,87
2019-06-07,24.0,0.20,88
2019-06-08,23.2,0.00,85
2019-06-09,22.8,1.10,88
2019-06-10,23.5,0.00,82
2019-06-11,23.4,0.00,82
2019-06-12,23.6,0.70,82
2019-06-13,23.3,1.40,88
2019-06-14,23.2,5.80,93
2019-06-15,23.5,0.00,84
2019-06-16,23.2,0.00,79
2019-06-17,22.7,0.00,80
2019-06-18,23.0,0.00,84
2019-06-19,22.6,0.00,83
2019-06-20,22.1,0.00,84
2019-06-21,22.4,0.00,84
2019-06-22,22.7,0.00,84
2019-06-23,22.5,0.00,85
2019-06-24,22.7,0.00,78
2019-06-25,22.9,0.00,82
2019-06-26,23.2,0.00,84
2019-06-27,22.1,0.60,86
2019-06-28,21.5,0.00,80
2019-06-29,21.6,0.00,73
2019-06-30,21.9,0.00,79
2019-07-01,22.1,0.00,82
2019-07-02,23.2,0.00,83
2019-07-03,23.9,0.40,84
2019-07-04,23.8,12.20,89
2019-07-05,23.0,1.20,91
2019-07-06,22.6,0.00,85
2019-07-07,22.3,0.10,86
2019-07-08,22.0,0.00,84
2019-07-09,21.7,0.40,84
2019-07-10,22.1,0.00,82
2019-07-11,22.0,2.30,88
2019-07-12,22.2,0.10,83
2019-07-13,21.7,0.00,79
2019-07-14,21.6,0.00,73
2019-07-15,21.8,0.00,81
2019-07-16,21.5,0.20,83
2019-07-17,21.7,0.00,79
2019-07-18,22.5,0.20,83
2019-07-19,22.4,4.90,91
2019-07-20,22.8,2.10,90
2019-07-21,21.9,0.90,88
2019-07-22,22.2,0.00,86
2019-07-23,22.4,0.00,87
2019-07-24,21.9,1.20,86
2019-07-25,22.2,0.00,83
2019-07-26,22.7,0.00,84
2019-07-27,22.5,0.00,86
2019-07-28,21.8,0.00,84
2019-07-29,22.3,0.10,84
2019-07-30,22.3,0.20,85
2019-07-31,22.0,0.20,84
2019-08-01,22.3,0.20,85
2019-08-02,22.4,0.50,84
2019-08-03,21.8,0.00,81
2019-08-04,21.3,0.00,75
2019-08-05,21.1,0.00,73
2019-08-06,21.6,0.00,72
2019-08-07,21.2,0.00,80
2019-08-08,21.6,0.00,84
2019-08-09,22.2,0.00,80
2019-08-10,22.3,0.00,77
2019-08-11,22.7,0.00,83
2019-08-12,23.5,0.00,81
2019-08-13,24.1,0.90,83
2019-08-14,24.1,0.20,82
2019-08-15,23.4,0.00,83
2019-08-16,22.3,0.10,84
2019-08-17,22.0,0.20,82
2019-08-18,21.8,0.00,80
2019-08-19,21.8,0.00,80
2019-08-20,22.2,0.00,80
2019-08-21,23.4,0.00,82
2019-08-22,23.1,0.30,84
2019-08-23,22.1,0.20,84
2019-08-24,22.1,0.10,84
2019-08-25,22.6,0.10,83
2019-08-26,22.3,1.50,87
2019-08-27,22.2,0.00,82
2019-08-28,22.3,0.00,80
2019-08-29,23.1,0.00,79
2019-08-30,22.5,0.30,84
2019-08-31,22.2,0.40,83
2019-09-01,22.4,0.00,81
2019-09-02,22.6,0.00,82
2019-09-03,22.6,0.00,82
2019-09-04,22.1,0.00,79
2019-09-05,22.0,0.00,79
2019-09-06,22.3,0.00,80
2019-09-07,22.4,0.70,83
2019-09-08,22.5,1.00,84
2019-09-09,23.9,0.00,76
2019-09-10,23.3,0.00,80
2019-09-11,22.7,0.00,78
2019-09-12,22.1,0.00,72
2019-09-13,22.6,0.00,76
2019-09-14,23.3,0.50,77
2019-09-15,23.5,0.00,78
2019-09-16,23.8,0.10,78
2019-09-17,24.0,0.20,77
2019-09-18,23.4,0.00,82
2019-09-19,22.9,0.00,80
2019-09-20,23.2,0.00,79
2019-09-21,22.8,0.00,80
2019-09-22,23.0,0.00,79
2019-09-23,23.4,0.00,80
2019-09-24,24.6,0.10,78
2019-09-25,24.2,0.00,81
2019-09-26,24.1,0.40,82
2019-09-27,24.1,0.00,77
2019-09-28,23.8,0.10,83
2019-09-29,23.7,1.00,84
2019-09-30,23.9,0.00,75
2019-10-01,24.0,0.00,73
2019-10-02,24.6,0.40,80
2019-10-03,25.2,0.90,78
2019-10-04,24.6,0.10,71
2019-10-05,23.7,0.00,73
2019-10-06,24.2,0.00,76
2019-10-07,24.3,0.00,77
2019-10-08,24.1,0.00,76
2019-10-09,24.7,0.00,75
2019-10-10,25.0,1.10,78
2019-10-11,25.9,0.40,71
2019-10-12,25.1,0.00,73
2019-10-13,24.6,0.20,79
2019-10-14,24.6,1.20,82
2019-10-15,24.2,0.90,81
2019-10-16,24.1,0.00,78
2019-10-17,24.0,0.00,77
2019-10-18,24.5,0.00,77
2019-10-19,25.0,0.00,76
2019-10-20,25.2,0.10,79
2019-10-21,26.1,0.00,74
2019-10-22,25.6,0.00,68
2019-10-23,25.5,0.00,76
2019-10-24,24.7,0.00,75
2019-10-25,25.3,0.70,78
2019-10-26,25.3,0.30,75
2019-10-27,25.2,0.00,73
2019-10-28,25.2,0.30,78
2019-10-29,25.0,0.20,77
2019-10-30,25.0,0.00,74
2019-10-31,25.8,0.00,75
2019-11-01,24.4,2.40,88
2019-11-02,22.2,51.40,97
2019-11-03,23.5,1.20,88
2019-11-04,23.8,0.20,86
2019-11-05,24.1,0.20,84
2019-11-06,23.8,0.10,85
2019-11-07,23.7,0.00,84
2019-11-08,24.6,0.10,84
2019-11-09,24.8,1.30,85
2019-11-10,25.0,0.10,83
2019-11-11,25.2,0.50,83
2019-11-12,25.7,1.10,81
2019-11-13,25.8,4.70,82
2019-11-14,26.2,0.00,78
2019-11-15,25.1,0.00,79
2019-11-16,25.3,0.00,76
2019-11-17,25.9,0.20,78
2019-11-18,25.9,0.00,79
2019-11-19,26.1,0.00,79
2019-11-20,25.5,1.90,82
2019-11-21,25.5,0.40,78
2019-11-22,25.4,2.30,79
2019-11-23,25.6,1.30,78
2019-11-24,25.5,3.50,84
2019-11-25,25.8,2.20,83
2019-11-26,25.8,0.20,78
2019-11-27,25.7,5.00,78
2019-11-28,26.0,0.70,79
2019-11-29,26.5,0.00,77
2019-11-30,25.3,18.10,88
2019-12-01,26.2,0.50,81
2019-12-02,27.0,0.70,79
2019-12-03,26.6,1.50,75
2019-12-04,27.0,0.00,74
2019-12-05,26.3,5.80,80
2019-12-06,25.4,9.80,86
2019-12-07,25.4,7.30,85
2019-12-08,26.1,0.30,82
2019-12-09,26.3,0.90,82
2019-12-10,26.2,2.50,82
2019-12-11,25.8,0.00,81
2019-12-12,25.8,3.80,83
2019-12-13,25.2,9.30,88
2019-12-14,24.8,15.10,90
2019-12-15,24.2,16.60,93
2019-12-16,24.3,2.30,90
2019-12-17,24.2,19.70,93
2019-12-18,25.0,3.10,88
2019-12-19,25.3,5.70,90
2019-12-20,25.3,0.80,88
2019-12-21,25.8,1.10,87
2019-12-22,24.6,2.10,92
2019-12-23,23.9,24.70,95
2019-12-24,24.8,10.60,92
2019-12-25,24.6,15.80,92
2019-12-26,24.4,22.40,93
2019-12-27,24.3,19.10,92
2019-12-28,24.2,12.50,88
2019-12-29,24.7,12.00,90
2019-12-30,24.9,13.90,89
2019-12-31,24.8,21.80,94
2020-01-01,23.8,17.30,92
2020-01-02,24.4,11.10,88
2020-01-03,24.3,13.30,90
2020-01-04,23.8,15.20,92
2020-01-05,24.0,18.60,95
2020-01-06,23.9,19.90,95
2020-01-07,24.1,12.60,93
2020-01-08,24.0,13.30,93
2020-01-09,24.2,5.80,93
2020-01-10,24.3,3.20,87
2020-01-11,23.6,25.00,94
2020-01-12,24.2,4.40,89
2020-01-13,24.6,4.20,89
2020-01-14,25.2,1.80,82
2020-01-15,24.8,3.30,89
2020-01-16,24.4,0.20,92
2020-01-17,24.3,0.00,87
2020-01-18,24.5,0.00,86
2020-01-19,24.4,0.50,87
2020-01-20,24.7,2.20,87
2020-01-21,25.0,13.60,87
2020-01-22,24.8,18.80,91
2020-01-23,24.9,5.60,91
2020-01-24,25.1,1.50,89
2020-01-25,24.9,3.00,88
2020-01-26,24.9,5.70,90
2020-01-27,24.8,2.00,89
2020-01-28,24.8,17.10,93
2020-01-29,25.0,17.40,91
2020-01-30,23.9,39.20,95
2020-01-31,25.0,7.30,85
2020-02-01,24.3,31.90,90
2020-02-02,24.2,27.50,93
2020-02-03,24.3,11.90,93
2020-02-04,24.5,0.10,89
2020-02-05,24.7,1.00,87
2020-02-06,25.1,4.50,90
2020-02-07,25.2,5.60,89
2020-02-08,25.5,2.90,83
2020-02-09,23.5,23.50,97
2020-02-10,24.4,9.60,93
2020-02-11,24.2,23.00,92
2020-02-12,24.3,26.50,93
2020-02-13,24.5,14.40,91
2020-02-14,24.4,19.50,93
2020-02-15,24.2,19.70,96
2020-02-16,24.6,8.10,92
2020-02-17,23.9,18.40,93
2020-02-18,24.0,25.20,90
2020-02-19,23.9,11.70,90
2020-02-20,23.5,5.70,93
2020-02-21,24.2,14.20,94
2020-02-22,24.4,16.80,94
2020-02-23,24.8,9.50,90
2020-02-24,24.8,19.20,92
2020-02-25,24.2,37.20,93
2020-02-26,24.4,13.90,92
2020-02-27,24.9,7.40,88
2020-02-28,25.0,12.40,91
2020-02-29,24.8,17.60,92
2020-03-01,24.3,45.00,94
2020-03-02,24.8,13.70,90
2020-03-03,24.7,11.00,94
2020-03-04,24.1,19.20,96
2020-03-05,24.5,9.00,94
2020-03-06,24.3,12.40,92
2020-03-07,24.1,21.30,93
2020-03-08,24.3,8.10,90
2020-03-09,23.6,38.50,94
2020-03-10,24.6,4.30,90
2020-03-11,24.3,7.70,90
2020-03-12,24.7,30.30,92
2020-03-13,24.3,29.20,94
2020-03-14,25.2,4.20,89
2020-03-15,25.5,0.00,86
2020-03-16,24.9,0.80,89
2020-03-17,24.7,1.70,88
2020-03-18,24.4,14.40,92
2020-03-19,23.9,21.40,93
2020-03-20,24.3,7.90,89
2020-03-21,24.4,1.90,87
2020-03-22,25.1,5.10,87
2020-03-23,24.0,20.40,94
2020-03-24,24.4,0.70,87
2020-03-25,24.7,1.90,90
2020-03-26,25.2,1.20,87
2020-03-27,24.0,18.10,93
2020-03-28,24.5,19.70,92
2020-03-29,24.5,11.20,93
2020-03-30,24.4,2.20,91
2020-03-31,24.3,19.10,90
2020-04-01,24.2,11.40,93
2020-04-02,24.6,16.10,92
2020-04-03,24.5,28.60,93
2020-04-04,24.4,10.90,93
2020-04-05,24.5,4.30,95
2020-04-06,24.2,16.90,97
2020-04-07,24.2,20.50,94
2020-04-08,23.9,26.80,92
2020-04-09,24.5,0.50,90
2020-04-10,25.0,0.20,88
2020-04-11,24.2,3.20,93
2020-04-12,24.0,0.70,87
2020-04-13,24.2,2.10,83
2020-04-14,24.2,5.10,89
2020-04-15,24.6,17.00,91
2020-04-16,25.2,1.40,87
2020-04-17,24.5,18.00,92
2020-04-18,24.8,2.90,91
2020-04-19,24.6,11.90,92
2020-04-20,25.0,3.00,89
2020-04-21,25.0,6.90,90
2020-04-22,25.1,2.70,87
2020-04-23,25.1,2.00,89
2020-04-24,24.5,0.00,86
2020-04-25,24.9,0.50,87
2020-04-26,24.6,5.90,90
2020-04-27,24.2,7.70,93
2020-04-28,23.9,8.10,93
2020-04-29,24.3,0.50,86
2020-04-30,24.4,0.80,86
2020-05-01,24.7,0.00,83
2020-05-02,24.5,0.00,85
2020-05-03,24.7,0.00,85
2020-05-04,25.0,1.30,88
2020-05-05,24.9,3.30,89
2020-05-06,24.7,0.00,87
2020-05-07,25.2,0.00,85
2020-05-08,25.5,2.90,89
2020-05-09,24.6,10.20,93
2020-05-10,25.1,2.30,88
2020-05-11,24.5,19.20,91
2020-05-12,24.7,0.00,84
2020-05-13,24.3,0.10,86
2020-05-14,23.8,0.60,89
2020-05-15,24.4,11.20,89
2020-05-16,24.4,1.20,90
2020-05-17,24.5,9.50,91
2020-05-18,24.5,13.90,92
2020-05-19,24.2,9.60,93
2020-05-20,24.6,8.00,90
2020-05-21,24.1,21.40,95
2020-05-22,25.4,0.00,83
2020-05-23,25.2,0.00,81
2020-05-24,24.9,0.00,83
2020-05-25,25.0,1.60,84
2020-05-26,24.4,34.10,97
2020-05-27,23.4,46.50,98
2020-05-28,23.4,27.20,95
2020-05-29,24.0,2.90,91
2020-05-30,24.5,64.30,92
2020-05-31,24.1,23.40,93
2020-06-01,24.2,1.10,92
2020-06-02,24.5,1.80,86
2020-06-03,24.3,2.50,87
2020-06-04,23.6,0.60,87
2020-06-05,23.0,1.80,92
2020-06-06,22.9,3.20,95
2020-06-07,23.4,0.60,90
2020-06-08,23.3,0.00,90
2020-06-09,23.2,0.00,86
2020-06-10,23.2,0.00,85
2020-06-11,22.8,0.00,88
2020-06-12,22.4,0.00,86
2020-06-13,23.6,0.40,89
2020-06-14,23.9,34.70,94
2020-06-15,23.9,8.90,95
2020-06-16,24.1,1.30,91
2020-06-17,23.6,2.00,94
2020-06-18,23.7,2.70,92
2020-06-19,23.2,2.30,90
2020-06-20,23.5,0.90,88
2020-06-21,23.4,0.70,89
2020-06-22,23.7,0.10,87
2020-06-23,23.4,0.70,86
2020-06-24,22.9,1.00,89
2020-06-25,22.8,0.00,82
2020-06-26,22.6,0.00,90
2020-06-27,22.9,0.00,87
2020-06-28,23.1,0.00,89
2020-06-29,23.1,0.00,89
2020-06-30,22.8,0.30,88
2020-07-01,22.8,0.90,90
2020-07-02,22.9,0.00,90
2020-07-03,22.6,0.00,85
2020-07-04,23.3,0.00,83
2020-07-05,22.8,0.60,85
2020-07-06,22.8,10.40,91
2020-07-07,22.8,0.60,91
2020-07-08,22.6,0.90,89
2020-07-09,22.6,1.00,90
2020-07-10,22.7,0.00,86
2020-07-11,23.1,0.00,87
2020-07-12,22.9,0.50,91
2020-07-13,23.5,0.30,88
2020-07-14,23.6,0.00,87
2020-07-15,23.1,10.20,92
2020-07-16,23.3,0.40,90
2020-07-17,23.0,0.10,90
2020-07-18,23.0,0.10,89
2020-07-19,22.9,2.30,90
2020-07-20,23.3,0.70,90
2020-07-21,22.9,4.40,93
2020-07-22,23.5,0.40,89
2020-07-23,22.7,0.00,88
2020-07-24,22.1,0.00,84
2020-07-25,21.7,0.00,78
2020-07-26,22.0,0.00,80
2020-07-27,22.1,0.30,87
2020-07-28,22.0,1.30,89
2020-07-29,21.2,0.10,78
2020-07-30,21.3,0.00,80
2020-07-31,21.8,0.60,87
2020-08-01,22.2,0.00,84
2020-08-02,21.6,0.00,80
2020-08-03,22.0,0.00,85
2020-08-04,22.3,0.50,89
2020-08-05,22.3,0.50,90
2020-08-06,22.3,0.00,82
2020-08-07,21.9,0.00,88
2020-08-08,22.6,0.00,87
2020-08-09,23.7,0.00,81
2020-08-10,23.6,1.40,82
2020-08-11,23.7,8.00,90
2020-08-12,23.6,14.90,91
2020-08-13,23.2,2.60,94
2020-08-14,23.2,7.20,94
2020-08-15,24.1,0.90,89
2020-08-16,23.4,1.10,92
2020-08-17,23.1,3.50,89
2020-08-18,22.7,0.00,85
2020-08-19,22.5,0.30,88
2020-08-20,22.6,6.40,91
2020-08-21,23.7,0.00,82
2020-08-22,23.4,0.00,86
2020-08-23,24.1,0.00,88
2020-08-24,23.6,0.20,83
2020-08-25,23.5,0.30,85
2020-08-26,22.6,0.30,83
2020-08-27,22.9,0.40,81
2020-08-28,23.1,2.40,87
2020-08-29,23.2,0.40,85
2020-08-30,22.9,0.00,82
2020-08-31,22.9,0.00,83
2020-09-01,23.2,2.20,88
2020-09-02,23.3,5.30,87
2020-09-03,24.0,6.00,88
2020-09-04,23.8,1.30,89
2020-09-05,23.3,0.00,85
2020-09-06,23.3,0.00,86
2020-09-07,23.3,4.70,88
2020-09-08,23.6,0.00,85
2020-09-09,23.7,0.20,86
2020-09-10,23.3,0.00,84
2020-09-11,23.2,0.20,82
2020-09-12,23.3,0.00,82
2020-09-13,23.4,0.00,83
2020-09-14,23.1,0.00,77
2020-09-15,23.3,0.00,77
2020-09-16,23.0,0.00,80
2020-09-17,23.8,0.00,79
2020-09-18,24.2,0.10,82
2020-09-19,25.3,0.50,82
2020-09-20,24.9,0.40,84
2020-09-21,24.1,1.70,84
2020-09-22,23.6,7.50,92
2020-09-23,24.5,0.60,85
2020-09-24,24.2,0.40,83
2020-09-25,24.6,0.30,83
2020-09-26,24.6,0.00,81
2020-09-27,24.5,0.00,79
2020-09-28,24.2,0.00,82
2020-09-29,23.4,2.30,88
2020-09-30,23.9,2.00,86
2020-10-01,24.9,0.40,84
2020-10-02,24.9,0.10,84
2020-10-03,24.1,2.60,87
2020-10-04,22.8,7.90,94
2020-10-05,22.6,3.80,91
2020-10-06,22.8,3.00,89
2020-10-07,23.5,0.40,82
2020-10-08,22.9,2.00,88
2020-10-09,23.9,0.80,83
2020-10-10,23.2,27.60,96
2020-10-11,24.6,5.50,88
2020-10-12,23.9,7.50,90
2020-10-13,24.5,0.50,84
2020-10-14,24.5,0.90,85
2020-10-15,24.5,0.00,85
2020-10-16,24.1,0.30,87
2020-10-17,24.2,0.70,84
2020-10-18,23.6,4.60,88
2020-10-19,23.1,43.90,95
2020-10-20,24.0,26.20,91
2020-10-21,24.0,24.90,92
2020-10-22,24.3,3.00,89
2020-10-23,24.0,7.50,90
2020-10-24,24.4,0.60,87
2020-10-25,24.0,13.20,94
2020-10-26,24.1,5.90,94
2020-10-27,23.6,111.00,95
2020-10-28,24.0,1.90,89
2020-10-29,23.9,33.60,91
2020-10-30,24.3,11.00,89
2020-10-31,23.7,25.30,92
2020-11-01,23.7,8.90,88
2020-11-02,24.1,5.30,89
2020-11-03,24.1,8.10,89
2020-11-04,24.4,4.70,84
2020-11-05,24.9,10.20,88
2020-11-06,25.0,1.60,88
2020-11-07,24.4,0.00,88
2020-11-08,24.3,2.10,89
2020-11-09,24.3,0.20,88
2020-11-10,24.5,0.50,84
2020-11-11,24.0,9.40,91
2020-11-12,25.4,3.70,86
2020-11-13,24.7,16.40,92
2020-11-14,24.9,15.10,91
2020-11-15,24.2,28.70,94
2020-11-16,24.9,0.00,87
2020-11-17,24.7,0.80,85
2020-11-18,24.7,2.10,88
2020-11-19,25.4,4.50,87
2020-11-20,24.4,16.50,93
2020-11-21,25.0,12.40,90
2020-11-22,24.3,9.10,91
2020-11-23,23.8,11.80,94
2020-11-24,23.4,12.40,96
2020-11-25,23.7,12.60,93
2020-11-26,23.8,20.10,94
2020-11-27,23.3,23.10,95
2020-11-28,23.9,33.20,95
2020-11-29,23.4,44.60,95
2020-11-30,22.1,145.10,98
2020-12-01,23.8,3.20,88
2020-12-02,24.1,13.70,89
2020-12-03,23.5,37.90,94
2020-12-04,23.4,39.40,97
2020-12-05,23.6,38.40,93
2020-12-06,24.1,11.80,90
2020-12-07,23.7,10.20,88
2020-12-08,24.9,5.00,81
2020-12-09,24.6,0.50,85
2020-12-10,24.2,4.70,86
2020-12-11,23.9,42.40,92
2020-12-12,23.2,42.00,95
2020-12-13,23.2,30.10,93
2020-12-14,23.0,28.40,97
2020-12-15,23.1,37.20,97
2020-12-16,22.8,18.60,96
2020-12-17,23.1,11.30,94
2020-12-18,22.9,13.00,93
2020-12-19,22.9,24.70,96
2020-12-20,23.3,8.80,92
2020-12-21,23.9,0.40,86
2020-12-22,24.5,1.50,86
2020-12-23,24.0,1.40,89
2020-12-24,23.8,2.40,90
2020-12-25,23.7,5.80,91
2020-12-26,23.9,11.50,89
2020-12-27,23.8,21.00,95
2020-12-28,23.7,28.20,95
2020-12-29,23.6,24.00,94
2020-12-30,23.0,21.60,97
2020-12-31,23.3,17.40,92
2021-01-01,23.5,28.40,94
2021-01-02,23.2,18.40,93
2021-01-03,23.4,20.50,94
2021-01-04,23.6,18.30,95
2021-01-05,23.6,38.60,94
2021-01-06,24.0,5.20,90
2021-01-07,23.6,14.90,93
2021-01-08,23.4,15.80,95
2021-01-09,23.5,20.40,97
2021-01-10,23.3,56.20,96
2021-01-11,23.9,57.50,94
2021-01-12,24.2,34.60,92
2021-01-13,22.9,26.90,98
2021-01-14,23.5,19.60,95
2021-01-15,23.2,16.90,96
2021-01-16,22.8,17.90,97
2021-01-17,23.6,13.90,93
2021-01-18,23.6,23.10,91
2021-01-19,24.3,2.10,87
2021-01-20,24.0,0.70,90
2021-01-21,24.5,1.20,87
2021-01-22,23.8,16.60,93
2021-01-23,24.0,5.00,87
2021-01-24,23.9,4.40,85
2021-01-25,23.1,38.30,86
2021-01-26,23.3,24.50,90
2021-01-27,23.1,20.00,94
2021-01-28,23.8,9.60,89
2021-01-29,23.9,4.00,87
2021-01-30,23.7,5.10,88
2021-01-31,24.3,1.50,85
2021-02-01,24.5,1.60,85
2021-02-02,24.2,12.40,89
2021-02-03,23.7,14.80,92
2021-02-04,24.4,6.30,86
2021-02-05,23.7,5.70,89
2021-02-06,24.0,12.30,91
2021-02-07,24.5,9.30,85
2021-02-08,24.5,3.50,88
2021-02-09,23.6,53.00,92
2021-02-10,23.5,7.40,94
2021-02-11,23.5,6.00,94
2021-02-12,23.7,41.90,94
2021-02-13,23.8,10.40,91
2021-02-14,23.6,15.40,92
2021-02-15,23.9,14.30,91
2021-02-16,24.2,6.70,89
2021-02-17,23.6,15.70,92
2021-02-18,23.9,19.20,87
2021-02-19,23.6,38.50,91
2021-02-20,23.7,36.90,92
2021-02-21,24.0,1.40,86
2021-02-22,23.9,1.80,89
2021-02-23,23.4,11.60,93
2021-02-24,23.5,11.70,91
2021-02-25,24.3,2.70,88
2021-02-26,23.8,32.90,90
2021-02-27,23.6,25.20,91
2021-02-28,23.8,1.50,88
2021-03-01,24.4,0.00,81
2021-03-02,24.6,5.10,81
2021-03-03,24.3,1.30,86
2021-03-04,23.8,7.10,89
2021-03-05,23.2,2.30,90
2021-03-06,23.6,15.00,90
2021-03-07,23.4,42.80,93
2021-03-08,23.4,30.70,92
2021-03-09,23.5,23.70,92
2021-03-10,24.1,4.10,87
2021-03-11,24.1,9.70,91
2021-03-12,23.8,8.50,90
2021-03-13,23.7,23.70,91
2021-03-14,23.7,18.00,91
2021-03-15,23.8,19.50,91
2021-03-16,23.8,18.50,92
2021-03-17,23.8,14.80,92
2021-03-18,23.8,24.60,91
2021-03-19,24.0,11.90,92
2021-03-20,23.8,17.10,94
2021-03-21,24.4,2.00,88
2021-03-22,24.7,2.90,87
2021-03-23,24.3,12.40,92
2021-03-24,24.4,3.10,89
2021-03-25,24.2,23.60,92
2021-03-26,24.4,19.00,93
2021-03-27,24.6,6.30,91
2021-03-28,24.3,0.10,89
2021-03-29,24.7,1.90,90
2021-03-30,24.4,9.20,92
2021-03-31,24.5,4.40,91
2021-04-01,24.1,29.20,91
2021-04-02,24.3,5.50,93
2021-04-03,24.4,17.10,91
2021-04-04,24.7,7.50,89
2021-04-05,25.1,9.30,85
2021-04-06,24.7,31.70,91
2021-04-07,24.4,3.10,87
2021-04-08,25.0,0.20,80
2021-04-09,25.0,5.60,83
2021-04-10,24.5,12.20,91
2021-04-11,24.3,4.90,89
2021-04-12,24.2,1.70,88
2021-04-13,23.7,9.30,95
2021-04-14,23.9,3.30,90
2021-04-15,23.6,2.50,91
2021-04-16,24.2,0.00,85
2021-04-17,24.5,0.10,84
2021-04-18,23.5,7.00,94
2021-04-19,24.0,0.00,85
2021-04-20,23.3,0.00,77
2021-04-21,23.1,0.00,79
2021-04-22,23.4,0.00,79
2021-04-23,23.0,0.00,83
2021-04-24,23.0,0.30,84
2021-04-25,23.9,3.60,85
2021-04-26,24.2,1.50,85
2021-04-27,24.2,0.20,83
2021-04-28,23.5,1.30,86
2021-04-29,24.1,2.00,84
2021-04-30,24.1,11.10,92
2021-05-01,24.6,1.20,88
2021-05-02,24.3,9.40,87
2021-05-03,24.5,0.10,86
2021-05-04,24.3,2.50,85
2021-05-05,24.7,0.70,87
2021-05-06,24.7,1.70,88
2021-05-07,24.4,0.10,90
2021-05-08,24.0,0.00,84
2021-05-09,23.8,0.00,85
2021-05-10,24.3,1.60,87
2021-05-11,24.6,0.60,87
2021-05-12,24.2,2.50,87
2021-05-13,24.7,0.00,81
2021-05-14,24.6,0.10,85
2021-05-15,24.5,0.10,86
2021-05-16,24.3,0.00,84
2021-05-17,24.4,0.90,85
2021-05-18,24.5,0.30,85
2021-05-19,24.8,0.10,81
2021-05-20,24.8,0.00,82
2021-05-21,24.9,0.00,81
2021-05-22,24.8,0.00,83
2021-05-23,24.9,2.20,86
2021-05-24,24.7,3.00,88
2021-05-25,24.3,1.50,89
2021-05-26,25.2,0.00,84
2021-05-27,25.4,0.00,81
2021-05-28,24.9,9.10,90
2021-05-29,24.8,3.60,89
2021-05-30,24.6,0.50,89
2021-05-31,24.2,1.80,89
2021-06-01,24.1,1.10,88
2021-06-02,24.6,0.30,85
2021-06-03,25.2,0.00,81
2021-06-04,25.3,0.20,80
2021-06-05,25.6,6.80,83
2021-06-06,24.9,2.50,86
2021-06-07,24.4,0.00,86
2021-06-08,24.6,0.40,84
2021-06-09,25.0,15.70,85
2021-06-10,24.1,35.50,88
2021-06-11,23.8,1.80,89
2021-06-12,23.9,1.30,90
2021-06-13,23.9,1.40,87
2021-06-14,23.6,6.40,91
2021-06-15,24.1,2.20,89
2021-06-16,24.2,18.10,90
2021-06-17,23.6,128.70,92
2021-06-18,23.4,18.30,93
2021-06-19,23.3,16.40,92
2021-06-20,23.9,0.50,89
2021-06-21,23.1,42.10,96
2021-06-22,23.4,5.10,92
2021-06-23,23.4,50.00,96
2021-06-24,23.4,105.60,94
2021-06-25,23.4,2.70,92
2021-06-26,24.0,13.90,91
2021-06-27,24.1,0.40,90
2021-06-28,24.0,6.90,91
2021-06-29,23.7,0.90,90
2021-06-30,23.9,0.60,87
2021-07-01,23.6,0.00,85
2021-07-02,23.6,0.20,86
2021-07-03,23.1,1.00,92
2021-07-04,23.0,0.00,88
2021-07-05,22.7,0.00,83
2021-07-06,22.2,0.00,79
2021-07-07,22.4,0.00,86
2021-07-08,23.2,0.10,88
2021-07-09,23.5,10.50,91
2021-07-10,24.0,6.70,89
2021-07-11,24.3,0.00,87
2021-07-12,24.1,0.20,89
2021-07-13,23.2,0.00,89
2021-07-14,22.9,0.20,86
2021-07-15,22.6,0.30,85
2021-07-16,22.6,0.00,84
2021-07-17,22.9,0.20,84
2021-07-18,22.8,0.00,85
2021-07-19,23.5,0.00,86
2021-07-20,24.1,0.30,87
2021-07-21,23.3,0.00,87
2021-07-22,23.3,0.10,88
2021-07-23,22.9,1.90,90
2021-07-24,22.6,0.00,85
2021-07-25,22.1,0.00,85
2021-07-26,22.0,0.00,87
2021-07-27,22.0,0.00,88
2021-07-28,22.7,0.10,88
2021-07-29,23.0,0.30,86
2021-07-30,23.1,3.20,91
2021-07-31,23.1,1.20,89
2021-08-01,22.6,1.70,89
2021-08-02,22.4,3.50,94
2021-08-03,22.4,22.20,96
2021-08-04,23.2,3.30,94
2021-08-05,23.7,2.00,88
2021-08-06,24.1,0.20,87
2021-08-07,24.3,3.80,88
2021-08-08,23.8,0.30,89
2021-08-09,23.8,0.80,89
2021-08-10,23.0,0.00,89
2021-08-11,22.4,0.00,85
2021-08-12,22.6,3.70,92
2021-08-13,23.2,5.50,89
2021-08-14,23.6,5.30,90
2021-08-15,23.9,1.30,89
2021-08-16,23.2,0.00,87
2021-08-17,23.3,0.00,87
2021-08-18,23.2,0.30,89
2021-08-19,22.8,0.40,83
2021-08-20,22.9,4.70,89
2021-08-21,22.9,0.10,89
2021-08-22,22.9,0.00,89
2021-08-23,22.7,0.00,85
2021-08-24,22.5,0.00,86
2021-08-25,22.5,0.30,87
2021-08-26,22.2,0.00,85
2021-08-27,22.3,0.70,86
2021-08-28,22.7,0.00,86
2021-08-29,23.1,1.20,89
2021-08-30,23.4,1.20,87
2021-08-31,23.4,1.00,87
2021-09-01,23.1,0.00,84
2021-09-02,22.7,0.40,83
2021-09-03,22.6,1.80,86
2021-09-04,22.2,3.30,91
2021-09-05,23.0,0.00,79
2021-09-06,24.0,0.00,82
2021-09-07,23.6,1.90,89
2021-09-08,23.2,0.20,86
2021-09-09,23.3,0.00,81
2021-09-10,23.6,0.80,86
2021-09-11,23.7,18.20,87
2021-09-12,22.9,98.80,95
2021-09-13,24.1,1.60,90
2021-09-14,24.2,19.40,92
2021-09-15,24.3,5.10,90
2021-09-16,23.8,0.10,89
2021-09-17,23.6,1.40,89
2021-09-18,23.3,0.90,91
2021-09-19,22.8,1.40,89
2021-09-20,23.3,0.50,85
2021-09-21,23.5,6.00,90
2021-09-22,24.2,2.70,87
2021-09-23,24.2,0.20,87
2021-09-24,23.8,1.10,89
2021-09-25,23.9,6.80,89
2021-09-26,23.5,13.40,90
2021-09-27,23.1,0.00,87
2021-09-28,22.6,0.00,85
2021-09-29,23.2,0.00,86
2021-09-30,23.2,0.80,91
2021-10-01,23.2,0.90,90
2021-10-02,23.3,1.20,89
2021-10-03,23.2,3.90,90
2021-10-04,22.8,2.90,91
2021-10-05,22.4,5.30,92
2021-10-06,22.4,1.00,86
2021-10-07,22.4,0.50,87
2021-10-08,22.9,0.40,88
2021-10-09,23.2,2.30,90
2021-10-10,23.5,0.30,89
2021-10-11,23.4,1.10,89
2021-10-12,23.1,0.00,87
2021-10-13,23.7,0.00,81
2021-10-14,24.0,0.20,82
2021-10-15,24.3,1.90,84
2021-10-16,24.7,2.70,85
2021-10-17,24.6,2.50,87
2021-10-18,24.6,17.20,86
2021-10-19,24.3,4.00,87
2021-10-20,24.6,0.40,87
2021-10-21,24.8,2.30,85
2021-10-22,24.5,1.10,87
2021-10-23,25.1,0.30,83
2021-10-24,25.2,0.00,81
2021-10-25,25.1,1.60,81
2021-10-26,24.5,12.90,86
2021-10-27,24.0,16.10,92
2021-10-28,24.2,4.90,91
2021-10-29,23.8,10.80,92
2021-10-30,23.7,2.90,91
2021-10-31,23.7,33.00,92
2021-11-01,23.8,36.00,92
2021-11-02,23.1,29.00,94
2021-11-03,24.2,11.80,90
2021-11-04,23.7,18.70,92
2021-11-05,24.2,8.00,91
2021-11-06,24.4,14.90,88
2021-11-07,24.5,12.40,90
2021-11-08,24.0,9.60,93
2021-11-09,24.6,5.80,92
2021-11-10,23.6,18.10,94
2021-11-11,22.8,39.20,98
2021-11-12,23.7,7.60,93
2021-11-13,23.7,45.50,94
2021-11-14,23.4,13.60,94
2021-11-15,23.2,22.80,93
2021-11-16,23.8,15.90,92
2021-11-17,24.1,27.40,92
2021-11-18,23.9,19.60,91
2021-11-19,23.8,19.10,93
2021-11-20,22.8,28.00,96
2021-11-21,23.9,8.00,92
2021-11-22,24.5,10.30,88
2021-11-23,23.9,29.30,93
2021-11-24,24.1,12.10,92
2021-11-25,23.7,16.10,91
2021-11-26,23.4,21.00,93
2021-11-27,23.9,11.30,92
2021-11-28,23.1,19.20,93
2021-11-29,23.1,4.70,92
2021-11-30,23.1,22.60,92
2021-12-01,22.6,42.80,97
2021-12-02,24.0,9.50,92
2021-12-03,23.4,20.60,95
2021-12-04,23.5,64.60,95
2021-12-05,23.3,68.00,93
2021-12-06,23.5,7.70,93
2021-12-07,24.4,14.40,88
2021-12-08,24.6,4.00,89
2021-12-09,24.4,1.90,88
2021-12-10,24.4,3.00,88
2021-12-11,24.2,4.10,90
2021-12-12,23.9,17.40,91
2021-12-13,24.4,0.10,87
2021-12-14,24.2,2.80,90
2021-12-15,23.3,34.50,94
2021-12-16,23.7,22.90,96
2021-12-17,24.2,36.60,93
2021-12-18,23.9,16.70,93
2021-12-19,24.6,15.90,91
2021-12-20,23.8,28.50,93
2021-12-21,24.5,24.30,90
2021-12-22,25.0,1.30,88
2021-12-23,23.8,37.40,94
2021-12-24,24.3,4.80,89
2021-12-25,24.6,2.00,89
2021-12-26,24.1,1.50,92
2021-12-27,24.0,4.10,92
2021-12-28,23.8,5.40,90
2021-12-29,24.0,2.30,90
2021-12-30,23.7,18.70,92
2021-12-31,23.5,9.60,93
2022-01-01,23.8,5.80,91
2022-01-02,23.3,6.30,93
2022-01-03,23.8,0.20,86
2022-01-04,23.6,1.80,89
2022-01-05,24.0,0.80,83
2022-01-06,24.3,0.10,80
2022-01-07,24.2,1.80,81
2022-01-08,24.3,2.80,80
2022-01-09,23.6,16.90,89
2022-01-10,23.6,32.20,93
2022-01-11,23.3,35.80,93
2022-01-12,24.1,5.30,88
2022-01-13,23.9,5.30,88
2022-01-14,24.5,8.20,85
2022-01-15,23.9,23.00,88
2022-01-16,24.4,8.00,86
2022-01-17,24.0,14.40,88
2022-01-18,23.2,14.80,92
2022-01-19,23.1,10.40,93
2022-01-20,22.4,40.10,95
2022-01-21,23.6,9.00,90
2022-01-22,23.4,29.30,92
2022-01-23,24.0,8.10,91
2022-01-24,24.6,0.10,85
2022-01-25,24.4,10.70,86
2022-01-26,25.2,0.50,84
2022-01-27,24.3,3.40,88
2022-01-28,23.2,36.40,94
2022-01-29,23.8,21.60,90
2022-01-30,24.0,7.60,89
2022-01-31,24.1,9.20,87
2022-02-01,23.7,32.40,90
2022-02-02,24.5,8.40,85
2022-02-03,24.6,3.40,84
2022-02-04,23.6,12.40,91
2022-02-05,23.3,16.20,93
2022-02-06,23.7,24.80,91
2022-02-07,24.7,7.50,86
2022-02-08,24.7,9.70,83
2022-02-09,23.9,16.30,92
2022-02-10,24.4,3.50,83
2022-02-11,24.4,0.30,85
2022-02-12,24.3,13.70,83
2022-02-13,24.1,16.90,90
2022-02-14,23.1,6.50,95
2022-02-15,22.6,29.70,96
2022-02-16,23.8,3.70,91
2022-02-17,23.6,21.10,91
2022-02-18,23.4,22.80,92
2022-02-19,23.9,10.90,91
2022-02-20,23.5,10.30,92
2022-02-21,23.9,1.30,89
2022-02-22,23.3,10.40,88
2022-02-23,23.9,0.80,88
2022-02-24,22.9,16.70,92
2022-02-25,23.5,7.80,89
2022-02-26,23.7,9.10,89
2022-02-27,23.9,8.30,87
2022-02-28,24.1,10.20,88
2022-03-01,24.1,11.20,88
2022-03-02,24.2,6.40,86
2022-03-03,24.3,22.80,87
2022-03-04,23.8,21.40,93
2022-03-05,24.1,2.00,89
2022-03-06,23.8,10.10,91
2022-03-07,23.5,21.10,93
2022-03-08,23.4,9.90,92
2022-03-09,23.7,15.00,93
2022-03-10,23.4,33.20,93
2022-03-11,23.7,40.60,91
2022-03-12,24.1,12.80,91
2022-03-13,24.5,6.40,92
2022-03-14,24.6,8.00,91
2022-03-15,24.1,25.00,92
2022-03-16,24.0,6.20,92
2022-03-17,24.9,3.20,89
2022-03-18,24.9,0.60,88
2022-03-19,23.6,15.70,93
2022-03-20,23.6,12.10,94
2022-03-21,24.0,6.70,89
2022-03-22,24.3,6.40,88
2022-03-23,24.1,18.40,90
2022-03-24,24.3,17.10,89
2022-03-25,24.1,33.40,91
2022-03-26,24.1,23.50,90
2022-03-27,23.3,25.60,93
2022-03-28,24.2,24.30,83
2022-03-29,23.9,13.00,90
2022-03-30,24.6,1.10,86
2022-03-31,24.2,9.00,89
2022-04-01,23.4,23.10,93
2022-04-02,24.4,0.50,87
2022-04-03,23.9,6.00,88
2022-04-04,23.2,9.90,93
2022-04-05,23.6,0.20,90
2022-04-06,23.1,13.90,93
2022-04-07,23.4,5.20,92
2022-04-08,23.6,7.00,91
2022-04-09,23.9,2.10,93
2022-04-10,23.7,14.00,91
2022-04-11,24.1,0.00,87
2022-04-12,23.8,0.50,84
2022-04-13,23.8,4.10,86
2022-04-14,24.3,0.50,85
2022-04-15,24.4,1.50,86
2022-04-16,24.0,18.40,90
2022-04-17,24.4,7.70,90
2022-04-18,24.3,16.80,92
2022-04-19,23.9,21.60,93
2022-04-20,23.5,17.00,92
2022-04-21,23.8,11.90,90
2022-04-22,24.5,13.50,90
2022-04-23,24.7,10.20,89
2022-04-24,23.8,30.50,91
2022-04-25,24.2,0.20,90
2022-04-26,24.2,6.60,87
2022-04-27,24.1,11.00,90
2022-04-28,24.6,17.00,89
2022-04-29,24.4,9.80,89
2022-04-30,24.2,5.50,88
2022-05-01,24.6,3.80,87
2022-05-02,25.0,2.50,89
2022-05-03,24.6,4.10,89
2022-05-04,24.6,1.30,90
2022-05-05,24.2,3.40,91
2022-05-06,24.4,9.60,91
2022-05-07,24.7,13.40,90
2022-05-08,24.4,21.30,93
2022-05-09,24.6,12.70,92
2022-05-10,24.3,7.20,91
2022-05-11,25.2,1.10,87
2022-05-12,24.8,8.50,91
2022-05-13,24.9,5.00,91
2022-05-14,24.6,7.30,93
2022-05-15,25.0,0.30,91
2022-05-16,24.4,0.00,88
2022-05-17,24.0,1.00,87
2022-05-18,24.4,20.40,89
2022-05-19,24.2,4.90,91
2022-05-20,23.7,28.30,94
2022-05-21,23.8,1.60,91
2022-05-22,24.2,1.80,87
2022-05-23,24.4,0.20,83
2022-05-24,24.4,0.90,82
2022-05-25,24.5,9.10,91
2022-05-26,22.8,20.30,96
2022-05-27,23.6,1.30,87
2022-05-28,24.7,1.00,84
2022-05-29,24.7,3.90,85
2022-05-30,24.5,0.00,84
2022-05-31,24.3,4.30,86
2022-06-01,23.0,13.40,95
2022-06-02,23.9,0.00,87
2022-06-03,23.1,8.80,92
2022-06-04,23.3,7.90,91
2022-06-05,23.2,6.20,93
2022-06-06,23.6,9.10,91
2022-06-07,23.9,0.80,89
2022-06-08,23.7,19.10,88
2022-06-09,24.0,0.40,89
2022-06-10,23.7,6.80,88
2022-06-11,23.9,15.40,91
2022-06-12,23.3,10.50,93
2022-06-13,23.7,8.40,91
2022-06-14,23.6,5.30,92
2022-06-15,23.8,2.50,88
2022-06-16,23.5,12.00,92
2022-06-17,23.0,14.10,91
2022-06-18,23.6,4.10,89
2022-06-19,23.9,3.60,87
2022-06-20,23.6,0.70,88
2022-06-21,23.8,0.70,82
2022-06-22,23.9,0.00,80
2022-06-23,23.3,1.80,88
2022-06-24,23.6,0.60,83
2022-06-25,23.6,3.40,87
2022-06-26,23.3,2.00,88
2022-06-27,22.7,1.70,90
2022-06-28,23.1,0.40,80
2022-06-29,23.1,0.00,79
2022-06-30,23.3,0.30,86
2022-07-01,23.2,1.00,87
2022-07-02,23.6,1.60,90
2022-07-03,23.9,12.70,91
2022-07-04,24.3,0.30,87
2022-07-05,24.1,1.70,89
2022-07-06,23.1,2.50,91
2022-07-07,22.7,0.00,88
2022-07-08,21.8,0.00,77
2022-07-09,21.9,0.00,82
2022-07-10,23.1,0.10,86
2022-07-11,23.4,3.00,90
2022-07-12,23.5,2.50,90
2022-07-13,23.7,12.20,88
2022-07-14,23.3,1.60,90
2022-07-15,23.2,4.20,91
2022-07-16,23.0,0.80,91
2022-07-17,23.0,0.70,90
2022-07-18,23.2,0.10,90
2022-07-19,23.0,0.20,88
2022-07-20,23.0,0.00,85
2022-07-21,22.8,0.30,87
2022-07-22,23.0,0.50,87
2022-07-23,22.5,3.00,91
2022-07-24,21.8,0.00,81
2022-07-25,21.7,0.00,72
2022-07-26,22.5,0.00,80
2022-07-27,23.5,0.70,87
2022-07-28,23.3,0.10,88
2022-07-29,23.4,0.10,87
2022-07-30,23.0,0.00,87
2022-07-31,23.1,0.00,85
2022-08-01,23.2,0.00,84
2022-08-02,23.5,2.30,91
2022-08-03,23.8,2.00,90
2022-08-04,22.9,0.00,85
2022-08-05,22.5,0.00,82
2022-08-06,22.4,0.50,86
2022-08-07,22.3,6.00,92
2022-08-08,23.0,0.80,88
2022-08-09,22.9,0.50,87
2022-08-10,23.4,6.20,90
2022-08-11,23.7,7.80,90
2022-08-12,24.3,5.30,89
2022-08-13,23.6,27.60,92
2022-08-14,23.6,6.10,89
2022-08-15,23.6,3.50,90
2022-08-16,23.9,0.10,89
2022-08-17,22.8,0.30,87
2022-08-18,22.7,1.30,89
2022-08-19,22.9,1.40,88
2022-08-20,22.7,0.00,81
2022-08-21,22.9,0.00,83
2022-08-22,23.1,0.40,84
2022-08-23,23.1,0.20,81
2022-08-24,23.0,0.10,81
2022-08-25,22.7,0.50,87
2022-08-26,23.2,1.00,88
2022-08-27,22.6,1.30,88
2022-08-28,22.4,0.40,83
2022-08-29,22.6,1.50,87
2022-08-30,23.1,1.50,89
2022-08-31,23.1,4.80,91
2022-09-01,23.7,1.50,88
2022-09-02,23.9,0.80,88
2022-09-03,23.9,0.50,86
2022-09-04,23.7,1.20,87
2022-09-05,23.7,0.20,88
2022-09-06,23.7,2.30,88
2022-09-07,23.4,3.40,89
2022-09-08,23.9,3.20,88
2022-09-09,23.4,13.20,92
2022-09-10,23.2,29.50,93
2022-09-11,22.8,15.40,95
2022-09-12,23.7,1.30,85
2022-09-13,23.7,0.00,88
2022-09-14,23.3,0.10,88
2022-09-15,22.8,2.00,91
2022-09-16,23.2,5.00,89
2022-09-17,23.2,0.00,86
2022-09-18,23.8,0.40,86
2022-09-19,23.4,1.10,86
2022-09-20,23.1,1.30,87
2022-09-21,23.5,3.00,88
2022-09-22,23.8,0.60,86
2022-09-23,24.1,4.10,87
2022-09-24,23.9,5.30,89
2022-09-25,23.5,1.00,88
2022-09-26,22.9,2.60,90
2022-09-27,23.2,0.10,86
2022-09-28,23.4,0.50,84
2022-09-29,23.6,1.40,87
2022-09-30,23.6,10.90,90
2022-10-01,23.4,19.00,94
2022-10-02,23.2,33.80,94
2022-10-03,23.1,18.10,93
2022-10-04,23.7,1.20,86
2022-10-05,23.4,11.80,89
2022-10-06,23.1,8.40,91
2022-10-07,23.3,26.80,92
2022-10-08,23.5,7.90,91
2022-10-09,23.7,8.00,92
2022-10-10,23.6,9.00,92
2022-10-11,23.9,0.00,88
2022-10-12,23.3,2.50,89
2022-10-13,23.5,1.60,89
2022-10-14,23.5,7.30,90
2022-10-15,23.7,4.10,89
2022-10-16,23.7,4.90,90
2022-10-17,23.2,17.20,93
2022-10-18,22.9,20.20,96
2022-10-19,23.4,13.60,94
2022-10-20,23.7,36.10,94
2022-10-21,23.6,34.70,93
2022-10-22,23.9,19.30,92
2022-10-23,23.8,27.40,93
2022-10-24,23.4,11.00,93
2022-10-25,23.2,14.70,94
2022-10-26,23.1,3.00,93
2022-10-27,22.7,3.90,91
2022-10-28,22.5,0.20,82
2022-10-29,22.8,1.50,81
2022-10-30,23.0,0.00,83
2022-10-31,22.0,4.10,92
2022-11-01,23.8,0.90,87
2022-11-02,23.8,9.30,90
2022-11-03,24.2,24.30,89
2022-11-04,23.9,14.20,94
2022-11-05,23.9,7.40,92
2022-11-06,23.7,10.40,92
2022-11-07,23.3,20.50,93
2022-11-08,23.5,14.60,91
2022-11-09,23.4,37.70,93
2022-11-10,23.7,22.80,92
2022-11-11,23.3,26.40,93
2022-11-12,23.6,59.50,93
2022-11-13,23.6,18.30,95
2022-11-14,23.6,25.10,94
2022-11-15,23.8,32.60,93
2022-11-16,23.7,23.40,94
2022-11-17,23.9,39.00,93
2022-11-18,23.3,9.30,85
2022-11-19,23.9,0.00,82
2022-11-20,23.8,12.90,88
2022-11-21,24.1,9.20,88
2022-11-22,23.7,4.50,92
2022-11-23,23.6,32.00,92
2022-11-24,23.2,14.10,95
2022-11-25,23.7,21.70,89
2022-11-26,22.8,22.70,93
2022-11-27,23.4,23.90,93
2022-11-28,23.2,17.80,95
2022-11-29,22.9,19.40,95
2022-11-30,23.9,3.40,88
2022-12-01,23.7,2.90,84
2022-12-02,23.7,1.70,82
2022-12-03,23.2,8.90,90
2022-12-04,23.2,39.50,96
2022-12-05,23.4,32.90,93
2022-12-06,23.8,20.90,90
2022-12-07,23.7,24.10,93
2022-12-08,24.1,3.10,90
2022-12-09,24.0,0.00,85
2022-12-10,23.5,3.50,90
2022-12-11,24.0,2.70,89
2022-12-12,24.2,1.40,87
2022-12-13,23.7,27.50,92
2022-12-14,23.5,14.90,93
2022-12-15,23.5,5.90,92
2022-12-16,22.4,32.90,95
2022-12-17,23.5,2.50,91
2022-12-18,23.7,1.20,88
2022-12-19,23.4,2.90,88
2022-12-20,23.8,3.80,87
2022-12-21,23.9,17.50,89
2022-12-22,22.6,37.00,95
2022-12-23,23.3,29.40,92
2022-12-24,23.6,10.40,87
2022-12-25,22.9,33.20,94
2022-12-26,23.0,12.40,92
2022-12-27,22.7,9.30,91
2022-12-28,23.3,46.40,92
2022-12-29,23.6,13.10,91
2022-12-30,23.8,2.80,84
2022-12-31,24.0,20.40,83
2023-01-01,24.5,10.60,82
2023-01-02,23.8,8.90,85
2023-01-03,24.1,2.70,84
2023-01-04,23.8,5.20,87
2023-01-05,23.3,12.20,91
2023-01-06,23.1,19.10,93
2023-01-07,23.5,2.40,90
2023-01-08,23.7,1.30,88
2023-01-09,23.8,1.00,88
2023-01-10,23.9,0.70,87
2023-01-11,24.0,1.00,87
2023-01-12,23.5,2.20,86
2023-01-13,23.6,0.50,84
2023-01-14,23.9,4.00,88
2023-01-15,23.9,23.00,90
2023-01-16,23.8,5.40,90
2023-01-17,23.7,9.70,92
2023-01-18,23.5,10.20,91
2023-01-19,23.4,5.70,91
2023-01-20,23.7,4.10,90
2023-01-21,23.5,17.60,90
2023-01-22,24.0,1.00,89
2023-01-23,24.5,0.00,84
2023-01-24,24.7,0.80,86
2023-01-25,23.8,8.30,91
2023-01-26,22.9,26.40,94
2023-01-27,23.0,34.40,95
2023-01-28,23.1,25.30,94
2023-01-29,23.8,23.40,92
2023-01-30,24.0,2.50,91
2023-01-31,23.7,41.20,91
2023-02-01,23.7,21.60,91
2023-02-02,23.9,3.20,85
2023-02-03,23.6,5.70,90
2023-02-04,23.8,4.20,88
2023-02-05,23.3,8.60,89
2023-02-06,23.2,13.30,91
2023-02-07,23.1,31.60,92
2023-02-08,23.5,11.60,91
2023-02-09,23.7,18.20,89
2023-02-10,23.8,17.50,87
2023-02-11,23.8,20.40,91
2023-02-12,23.6,25.20,91
2023-02-13,22.9,26.60,94
2023-02-14,23.3,6.20,91
2023-02-15,22.3,22.80,95
2023-02-16,23.1,40.10,94
2023-02-17,23.3,3.70,93
2023-02-18,23.4,11.80,92
2023-02-19,24.0,6.90,89
2023-02-20,23.9,2.70,90
2023-02-21,24.3,4.70,87
2023-02-22,24.0,15.20,90
2023-02-23,24.1,10.30,89
2023-02-24,24.0,16.10,91
2023-02-25,23.8,19.50,93
2023-02-26,23.5,8.30,89
2023-02-27,23.9,8.30,86
2023-02-28,23.7,16.30,89
2023-03-01,22.9,12.50,93
2023-03-02,23.4,30.40,89
2023-03-03,24.0,0.60,85
2023-03-04,23.6,3.30,86
2023-03-05,23.1,18.40,91
2023-03-06,23.5,2.80,91
2023-03-07,24.2,0.50,89
2023-03-08,23.7,15.70,92
2023-03-09,23.8,0.10,88
2023-03-10,24.2,1.40,87
2023-03-11,24.2,0.00,89
2023-03-12,24.2,0.60,88
2023-03-13,23.7,3.00,88
2023-03-14,23.7,2.20,85
2023-03-15,24.4,1.70,86
2023-03-16,24.4,4.80,88
2023-03-17,23.9,9.60,90
2023-03-18,24.1,6.30,89
2023-03-19,24.1,17.60,91
2023-03-20,24.0,20.30,92
2023-03-21,24.7,2.60,87
2023-03-22,24.6,8.20,89
2023-03-23,24.4,8.40,89
2023-03-24,24.3,19.20,91
2023-03-25,23.9,21.30,90
2023-03-26,23.7,18.10,91
2023-03-27,23.4,20.10,94
2023-03-28,23.9,15.00,88
2023-03-29,24.4,4.70,87
2023-03-30,24.7,8.10,87
2023-03-31,23.4,21.10,92
2023-04-01,23.0,16.60,94
2023-04-02,22.9,32.00,95
2023-04-03,23.3,29.70,95
2023-04-04,23.3,13.50,93
2023-04-05,23.8,7.60,88
2023-04-06,23.4,9.90,92
2023-04-07,23.9,1.70,88
2023-04-08,24.0,1.20,85
2023-04-09,24.0,1.60,86
2023-04-10,23.5,7.50,92
2023-04-11,23.9,11.80,93
2023-04-12,23.8,28.00,95
2023-04-13,23.7,15.00,92
2023-04-14,23.4,1.00,91
2023-04-15,23.7,1.80,89
2023-04-16,24.5,0.10,88
2023-04-17,24.1,6.60,91
2023-04-18,24.2,1.90,91
2023-04-19,24.4,0.00,90
2023-04-20,24.1,1.50,92
2023-04-21,24.1,9.00,90
2023-04-22,24.3,7.00,90
2023-04-23,24.6,3.10,88
2023-04-24,25.1,4.60,88
2023-04-25,24.7,1.80,87
2023-04-26,24.6,6.30,90
2023-04-27,24.0,12.90,94
2023-04-28,24.1,13.60,94
2023-04-29,23.7,25.70,93
2023-04-30,24.3,18.60,91
2023-05-01,24.2,19.90,91
2023-05-02,24.5,4.50,91
2023-05-03,24.8,5.10,92
2023-05-04,24.5,8.10,92
2023-05-05,24.8,0.30,89
2023-05-06,24.5,10.30,91
2023-05-07,24.4,0.00,87
2023-05-08,24.7,0.00,89
2023-05-09,24.1,22.00,94
2023-05-10,24.3,4.40,91
2023-05-11,24.5,18.70,93
2023-05-12,24.9,0.80,91
2023-05-13,23.7,0.00,85
2023-05-14,23.2,0.20,83
2023-05-15,23.1,0.00,82
2023-05-16,22.9,0.00,80
2023-05-17,22.8,0.00,82
2023-05-18,22.9,0.20,86
2023-05-19,23.4,0.00,86
2023-05-20,23.6,0.00,85
2023-05-21,23.6,0.00,81
2023-05-22,23.2,0.00,84
2023-05-23,23.5,0.60,84
2023-05-24,23.6,1.00,88
2023-05-25,23.6,0.00,86
2023-05-26,23.7,0.00,84
2023-05-27,23.6,0.00,81
2023-05-28,23.3,0.00,77
2023-05-29,23.6,0.00,81
2023-05-30,23.7,0.00,86
2023-05-31,23.8,0.20,87
2023-06-01,24.0,1.40,87
2023-06-02,23.8,1.60,90
2023-06-03,24.0,0.00,87
2023-06-04,23.4,1.40,93
2023-06-05,23.3,7.00,92
2023-06-06,22.9,5.20,94
2023-06-07,22.9,10.40,94
2023-06-08,23.7,0.50,89
2023-06-09,23.3,0.00,88
2023-06-10,23.6,0.80,86
2023-06-11,23.5,10.20,91
2023-06-12,24.2,0.40,88
2023-06-13,23.9,0.50,87
2023-06-14,23.5,0.00,85
2023-06-15,23.3,0.00,86
2023-06-16,23.5,0.30,88
2023-06-17,23.5,0.00,88
2023-06-18,23.8,0.20,88
2023-06-19,24.2,1.10,79
2023-06-20,24.4,0.30,79
2023-06-21,23.8,0.00,83
2023-06-22,23.9,0.00,85
2023-06-23,23.2,0.00,87
2023-06-24,23.2,0.00,86
2023-06-25,23.5,0.50,86
2023-06-26,23.0,1.70,87
2023-06-27,22.5,10.50,92
2023-06-28,22.7,4.80,93
2023-06-29,23.3,1.20,92
2023-06-30,23.3,0.30,91
2023-07-01,22.7,4.50,94
2023-07-02,22.5,6.90,93
2023-07-03,22.8,2.70,92
2023-07-04,22.9,3.10,93
2023-07-05,22.8,8.90,95
2023-07-06,22.8,3.00,95
2023-07-07,22.3,17.40,96
2023-07-08,22.8,12.20,94
2023-07-09,23.5,0.30,90
2023-07-10,23.1,0.00,89
2023-07-11,22.6,0.00,85
2023-07-12,22.7,0.00,80
2023-07-13,22.8,1.80,89
2023-07-14,22.7,1.00,89
2023-07-15,22.8,0.30,89
2023-07-16,22.1,0.30,88
2023-07-17,22.3,0.00,86
2023-07-18,22.7,0.00,86
2023-07-19,22.1,0.00,83
2023-07-20,21.8,0.00,79
2023-07-21,22.1,0.00,80
2023-07-22,22.7,0.00,82
2023-07-23,22.6,0.00,79
2023-07-24,22.7,0.00,85
2023-07-25,22.4,0.00,86
2023-07-26,22.2,0.00,85
2023-07-27,21.6,0.00,84
2023-07-28,21.9,0.10,82
2023-07-29,21.8,0.00,80
2023-07-30,21.9,0.00,82
2023-07-31,22.3,0.00,86
2023-08-01,23.2,0.00,86
2023-08-02,23.3,1.80,86
2023-08-03,23.2,0.80,89
2023-08-04,22.5,0.00,86
2023-08-05,22.8,0.30,87
2023-08-06,23.2,0.30,87
2023-08-07,23.0,0.00,86
2023-08-08,22.4,0.00,85
2023-08-09,22.1,0.00,84
2023-08-10,21.8,0.00,84
2023-08-11,21.5,0.00,78
2023-08-12,21.3,0.00,83
2023-08-13,21.7,0.00,83
2023-08-14,22.2,0.00,82
2023-08-15,22.5,0.00,86
2023-08-16,22.6,0.00,81
2023-08-17,21.3,0.70,85
2023-08-18,22.0,0.00,83
2023-08-19,22.5,0.00,84
2023-08-20,22.7,0.20,84
2023-08-21,22.7,0.20,82
2023-08-22,22.2,0.30,86
2023-08-23,22.1,0.00,84
2023-08-24,22.8,0.00,82
2023-08-25,22.8,0.00,86
2023-08-26,22.7,0.20,83
2023-08-27,22.5,0.00,82
2023-08-28,22.7,0.00,79
2023-08-29,23.1,0.00,79
2023-08-30,23.2,0.00,83
2023-08-31,22.7,0.00,86
2023-09-01,21.9,0.00,82
2023-09-02,21.9,0.20,81
2023-09-03,22.2,0.00,79
2023-09-04,22.1,0.00,72
2023-09-05,22.6,0.00,78
2023-09-06,22.9,0.00,81
2023-09-07,22.9,0.00,82
2023-09-08,22.6,0.00,79
2023-09-09,22.0,0.00,80
2023-09-10,22.7,0.00,82
2023-09-11,23.9,0.60,82
2023-09-12,23.6,0.90,86
2023-09-13,23.5,0.20,83
2023-09-14,22.5,1.10,86
2023-09-15,23.3,0.00,82
2023-09-16,23.5,0.20,84
2023-09-17,23.5,0.00,82
2023-09-18,23.0,0.00,82
2023-09-19,23.2,0.00,78
2023-09-20,23.1,0.00,78
2023-09-21,22.9,0.00,79
2023-09-22,22.7,0.00,77
2023-09-23,23.1,0.00,78
2023-09-24,23.8,0.00,80
2023-09-25,23.6,0.20,80
2023-09-26,24.0,0.00,71
2023-09-27,24.0,0.00,81
2023-09-28,24.4,0.00,79
2023-09-29,24.6,0.00,81
2023-09-30,24.3,0.00,79
2023-10-01,23.8,0.00,77
2023-10-02,23.6,0.00,81
2023-10-03,24.0,0.00,80
2023-10-04,24.8,0.00,78
2023-10-05,25.6,0.00,79
2023-10-06,25.4,0.10,81
2023-10-07,25.5,0.00,79
2023-10-08,25.7,0.90,76
2023-10-09,25.4,0.00,78
2023-10-10,24.6,0.00,81
2023-10-11,24.6,0.00,81
2023-10-12,25.2,0.00,77
2023-10-13,25.4,0.10,76
2023-10-14,25.4,1.20,77
2023-10-15,25.9,0.40,78
2023-10-16,25.7,0.00,81
2023-10-17,26.1,0.00,76
2023-10-18,25.5,0.00,79
2023-10-19,25.7,0.40,80
2023-10-20,25.1,0.20,79
2023-10-21,25.1,0.00,72
2023-10-22,25.1,0.00,79
2023-10-23,25.0,2.60,80
2023-10-24,25.1,2.80,79
2023-10-25,25.1,0.40,81
2023-10-26,25.7,0.00,77
2023-10-27,25.8,0.00,75
2023-10-28,24.7,7.90,81
2023-10-29,25.2,0.10,78
2023-10-30,25.2,0.50,79
2023-10-31,25.7,0.00,77
2023-11-01,26.0,0.00,73
2023-11-02,26.2,0.00,73
2023-11-03,25.8,4.20,82
2023-11-04,25.8,0.80,78
2023-11-05,26.1,5.10,80
2023-11-06,25.9,0.00,79
2023-11-07,25.7,1.20,79
2023-11-08,25.9,0.90,81
2023-11-09,26.2,0.00,80
2023-11-10,25.6,4.40,83
2023-11-11,24.5,27.80,88
2023-11-12,24.2,22.00,89
2023-11-13,24.7,5.80,87
2023-11-14,24.9,6.60,88
2023-11-15,25.1,1.90,87
2023-11-16,25.2,0.40,85
2023-11-17,24.9,0.00,84
2023-11-18,24.4,0.40,86
2023-11-19,24.7,0.10,83
2023-11-20,25.4,0.40,82
2023-11-21,25.6,0.10,80
2023-11-22,26.1,0.00,81
2023-11-23,26.1,0.00,80
2023-11-24,25.7,4.80,84
2023-11-25,25.2,2.80,85
2023-11-26,24.9,3.10,84
2023-11-27,24.6,10.20,83
2023-11-28,24.5,5.30,86
2023-11-29,24.7,2.50,85
2023-11-30,24.8,17.40,88
2023-12-01,23.7,16.20,93
2023-12-02,23.9,12.40,93
2023-12-03,24.6,2.40,86
2023-12-04,24.6,3.40,87
2023-12-05,24.7,7.00,87
2023-12-06,25.2,0.20,83
2023-12-07,25.0,3.20,88
2023-12-08,24.8,6.80,90
2023-12-09,24.7,5.90,90
2023-12-10,24.6,1.80,88
2023-12-11,24.6,0.40,83
2023-12-12,24.4,5.00,86
2023-12-13,24.5,16.80,91
2023-12-14,24.4,13.90,90
2023-12-15,23.7,11.80,94
2023-12-16,25.0,0.50,85
2023-12-17,24.7,0.30,82
2023-12-18,23.8,0.10,82
2023-12-19,23.4,0.00,75
2023-12-20,23.8,0.00,74
2023-12-21,24.4,0.00,74
2023-12-22,24.8,1.20,79
2023-12-23,25.3,0.00,78
2023-12-24,25.4,1.30,76
2023-12-25,25.1,24.20,85
2023-12-26,24.4,15.40,91
2023-12-27,24.4,12.30,92
2023-12-28,25.1,7.00,90
2023-12-29,25.3,12.40,89
2023-12-30,25.8,6.70,85
2023-12-31,25.4,2.60,87
2024-01-01,25.0,19.60,90
2024-01-02,25.2,8.20,90
2024-01-03,24.8,12.60,90
2024-01-04,24.5,28.10,92
2024-01-05,24.3,13.90,92
2024-01-06,24.5,11.90,92
2024-01-07,24.4,17.80,91
2024-01-08,24.4,14.50,91
2024-01-09,24.8,16.30,91
2024-01-10,25.0,10.10,89
2024-01-11,25.3,0.30,88
2024-01-12,24.8,0.50,84
2024-01-13,24.6,0.80,84
2024-01-14,24.8,0.30,83
2024-01-15,25.1,2.20,85
2024-01-16,24.9,2.80,88
2024-01-17,24.1,40.90,91
2024-01-18,23.6,18.20,94
2024-01-19,23.0,19.20,94
2024-01-20,23.4,7.50,92
2024-01-21,23.7,8.30,92
2024-01-22,24.1,5.90,92
2024-01-23,24.6,4.70,90
2024-01-24,24.1,8.70,92
2024-01-25,24.5,10.50,89
2024-01-26,24.0,52.60,92
2024-01-27,23.6,18.50,93
2024-01-28,23.7,20.80,94
2024-01-29,23.9,18.70,93
2024-01-30,23.9,18.00,93
2024-01-31,24.3,6.40,89
2024-02-01,24.6,3.30,89
2024-02-02,24.2,7.00,92
2024-02-03,23.1,32.60,96
2024-02-04,23.9,2.90,92
2024-02-05,23.9,18.90,92
2024-02-06,23.9,8.60,92
2024-02-07,23.9,9.40,90
2024-02-08,23.8,15.20,92
2024-02-09,24.2,9.80,91
2024-02-10,24.2,12.90,93
2024-02-11,23.7,10.80,94
2024-02-12,24.6,2.90,89
2024-02-13,25.1,3.40,87
2024-02-14,24.6,10.70,93
2024-02-15,24.9,4.50,90
2024-02-16,25.3,2.90,90
2024-02-17,24.9,3.00,90
2024-02-18,24.7,3.80,92
2024-02-19,24.7,10.30,90
2024-02-20,25.4,6.10,90
2024-02-21,25.2,5.10,90
2024-02-22,25.8,3.60,86
2024-02-23,25.0,15.50,92
2024-02-24,24.5,29.30,91
2024-02-25,24.5,14.80,90
2024-02-26,24.3,11.60,93
2024-02-27,24.8,8.90,91
2024-02-28,24.6,12.20,90
2024-02-29,24.7,17.60,92
2024-03-01,24.1,26.90,95
2024-03-02,24.4,35.70,94
2024-03-03,24.5,29.20,93
2024-03-04,24.3,16.70,95
2024-03-05,24.9,18.20,93
2024-03-06,25.0,20.50,93
2024-03-07,24.6,23.00,95
2024-03-08,24.6,39.90,94
2024-03-09,24.2,29.00,92
2024-03-10,24.1,11.30,89
2024-03-11,24.8,3.10,89
2024-03-12,25.4,1.80,81
2024-03-13,25.6,2.70,77
2024-03-14,24.9,14.30,85
2024-03-15,24.5,4.70,87
2024-03-16,25.2,1.50,83
2024-03-17,24.1,7.70,90
2024-03-18,24.6,0.50,86
2024-03-19,24.7,0.00,85
2024-03-20,24.7,2.10,83
2024-03-21,24.8,3.70,87
2024-03-22,24.5,3.80,89
2024-03-23,24.6,0.00,88
2024-03-24,24.7,3.30,88
2024-03-25,24.8,0.00,86
2024-03-26,25.4,2.50,83
2024-03-27,25.0,0.30,82
2024-03-28,24.5,8.00,90
2024-03-29,24.5,10.70,90
2024-03-30,25.3,0.00,88
2024-03-31,25.7,0.30,84
2024-04-01,24.7,7.70,89
2024-04-02,24.7,5.30,92
2024-04-03,25.3,1.10,88
2024-04-04,25.2,0.00,89
2024-04-05,25.1,0.50,86
2024-04-06,25.0,2.80,87
2024-04-07,24.4,27.60,92
2024-04-08,24.6,28.40,92
2024-04-09,24.1,30.70,94
2024-04-10,24.3,22.30,94
2024-04-11,24.4,13.00,94
2024-04-12,24.5,4.70,92
2024-04-13,24.9,5.90,88
2024-04-14,25.1,5.00,88
2024-04-15,25.5,1.20,85
2024-04-16,24.9,0.70,90
2024-04-17,24.2,6.90,92
2024-04-18,24.3,40.10,91
2024-04-19,24.5,33.40,93
2024-04-20,25.2,2.60,90
2024-04-21,24.8,5.80,91
2024-04-22,24.9,4.50,90
2024-04-23,24.6,14.70,92
2024-04-24,24.6,24.50,94
2024-04-25,24.5,4.50,94
2024-04-26,25.1,10.00,91
2024-04-27,25.3,7.30,90
2024-04-28,25.2,0.10,90
2024-04-29,25.1,0.60,89
2024-04-30,24.6,0.40,90
2024-05-01,25.2,0.90,88
2024-05-02,24.7,0.40,89
2024-05-03,24.5,0.00,88
2024-05-04,24.0,0.00,86
2024-05-05,23.5,0.00,82
2024-05-06,23.6,0.00,84
2024-05-07,23.7,0.70,90
2024-05-08,24.6,3.60,89
2024-05-09,24.5,3.60,89
2024-05-10,25.1,2.90,89
2024-05-11,24.8,13.40,91
2024-05-12,24.8,2.80,89
2024-05-13,24.5,0.00,89
2024-05-14,24.8,0.00,90
2024-05-15,24.1,0.00,90
2024-05-16,24.3,0.00,89
2024-05-17,24.5,0.00,88
2024-05-18,24.5,0.00,88
2024-05-19,23.9,0.00,86
2024-05-20,23.9,0.00,87
2024-05-21,23.9,0.00,88
2024-05-22,24.4,0.00,88
2024-05-23,24.6,6.60,89
2024-05-24,24.7,9.70,90
2024-05-25,24.6,2.20,89
2024-05-26,24.4,0.00,86
2024-05-27,24.7,0.90,89
2024-05-28,25.0,0.80,88
2024-05-29,24.6,1.10,88
2024-05-30,24.3,0.20,88
2024-05-31,24.6,1.60,89
2024-06-01,25.1,0.00,88
2024-06-02,25.1,0.00,90
2024-06-03,24.5,0.80,88
2024-06-04,24.6,0.00,82
2024-06-05,24.0,0.00,86
2024-06-06,24.1,0.70,88
2024-06-07,23.8,0.50,90
2024-06-08,24.7,3.50,86
2024-06-09,23.9,47.90,92
2024-06-10,24.5,1.20,90
2024-06-11,24.2,0.30,90
2024-06-12,24.1,0.00,87
2024-06-13,23.9,3.20,87
2024-06-14,24.2,6.30,87
2024-06-15,23.8,0.30,91
2024-06-16,24.1,0.00,87
2024-06-17,24.6,0.50,86
2024-06-18,24.0,1.10,88
2024-06-19,23.1,0.00,85
2024-06-20,23.5,0.10,82
2024-06-21,23.3,0.00,84
2024-06-22,22.9,0.30,85
2024-06-23,23.0,1.20,90
2024-06-24,22.9,1.40,90
2024-06-25,23.9,0.50,84
2024-06-26,24.2,0.00,86
2024-06-27,24.5,1.50,87
2024-06-28,24.4,1.80,91
2024-06-29,24.4,2.80,88
2024-06-30,24.0,0.00,86
2024-07-01,23.9,0.00,83
2024-07-02,23.4,2.00,91
2024-07-03,24.0,0.40,89
2024-07-04,23.4,2.30,91
2024-07-05,23.5,0.60,86
2024-07-06,23.7,0.00,86
2024-07-07,23.8,1.50,90
2024-07-08,23.4,0.00,88
2024-07-09,23.7,0.60,87
2024-07-10,23.5,0.20,87
2024-07-11,22.3,1.30,85
2024-07-12,22.3,0.00,81
2024-07-13,22.1,0.00,80
2024-07-14,22.0,0.00,77
2024-07-15,22.0,0.00,78
2024-07-16,22.3,0.00,82
2024-07-17,22.9,0.00,81
2024-07-18,22.8,0.00,85
2024-07-19,22.8,0.10,82
2024-07-20,22.6,0.00,81
2024-07-21,22.6,0.00,81
2024-07-22,22.7,0.00,81
2024-07-23,23.3,0.00,82
2024-07-24,23.2,0.00,80
2024-07-25,22.7,0.00,78
2024-07-26,23.0,0.00,84
2024-07-27,23.3,0.10,85
2024-07-28,22.8,0.20,86
2024-07-29,22.7,0.40,88
2024-07-30,23.4,0.20,87
2024-07-31,23.5,5.20,89
2024-08-01,23.8,0.70,88
2024-08-02,24.0,2.40,86
2024-08-03,23.7,1.20,87
2024-08-04,23.2,0.00,85
2024-08-05,23.1,0.00,76
2024-08-06,22.9,0.00,82
2024-08-07,23.6,0.00,85
2024-08-08,23.2,0.90,88
2024-08-09,22.9,1.80,89
2024-08-10,22.7,0.30,87
2024-08-11,21.9,0.00,79
2024-08-12,21.8,0.00,72
2024-08-13,22.6,0.00,83
2024-08-14,23.0,0.00,78
2024-08-15,21.9,0.00,79
2024-08-16,22.1,0.00,76
2024-08-17,22.3,0.00,82
2024-08-18,22.6,0.00,80
2024-08-19,22.2,0.00,83
2024-08-20,22.8,0.00,82
2024-08-21,23.3,0.00,83
2024-08-22,22.8,0.00,85
2024-08-23,23.3,0.00,82
2024-08-24,22.9,0.80,83
2024-08-25,23.2,1.10,83
2024-08-26,23.6,0.00,79
2024-08-27,23.2,0.00,78
2024-08-28,23.5,0.00,77
2024-08-29,23.3,0.10,80
2024-08-30,23.5,0.10,77
2024-08-31,23.1,0.60,83
2024-09-01,23.4,0.50,84
2024-09-02,23.5,0.00,84
2024-09-03,23.2,0.40,83
2024-09-04,24.2,0.50,83
2024-09-05,24.3,0.00,82
2024-09-06,23.9,0.40,82
2024-09-07,23.7,1.80,86
2024-09-08,24.0,4.10,88
2024-09-09,24.3,0.00,85
2024-09-10,23.9,8.40,89
2024-09-11,24.3,0.30,84
2024-09-12,23.6,0.00,82
2024-09-13,23.8,0.00,77
2024-09-14,23.6,0.00,75
2024-09-15,23.7,0.00,72
2024-09-16,23.2,0.00,80
2024-09-17,23.1,0.00,75
2024-09-18,23.0,0.00,78
2024-09-19,23.5,0.00,76
2024-09-20,24.1,0.00,78
2024-09-21,24.6,0.00,78
2024-09-22,25.3,1.70,79
2024-09-23,25.0,13.00,85
2024-09-24,24.4,10.10,89
2024-09-25,24.6,9.50,86
2024-09-26,24.3,7.60,88
2024-09-27,24.9,0.00,85
2024-09-28,24.9,0.20,83
2024-09-29,25.2,0.00,81
2024-09-30,25.1,0.50,84
2024-10-01,24.7,1.90,83
2024-10-02,24.8,0.40,81
2024-10-03,24.4,0.70,83
2024-10-04,24.8,0.00,80
2024-10-05,25.3,0.00,77
2024-10-06,25.2,5.50,82
2024-10-07,24.7,0.00,83
2024-10-08,24.9,0.00,81
2024-10-09,25.1,0.20,81
2024-10-10,25.5,0.00,79
2024-10-11,25.8,0.80,80
2024-10-12,26.4,2.10,78
2024-10-13,26.0,0.00,80
2024-10-14,25.6,0.00,81
2024-10-15,25.7,0.00,62
2024-10-16,24.2,0.00,66
2024-10-17,24.4,0.00,70
2024-10-18,24.3,1.20,78
2024-10-19,25.0,5.30,81
2024-10-20,24.3,12.10,88
2024-10-21,24.3,3.30,85
2024-10-22,24.5,0.50,85
2024-10-23,24.5,0.50,84
2024-10-24,24.1,9.30,87
2024-10-25,24.5,4.90,86
2024-10-26,24.4,2.50,86
2024-10-27,25.4,0.20,81
2024-10-28,25.2,1.50,83
2024-10-29,25.4,0.40,83
2024-10-30,25.0,9.00,85
2024-10-31,25.2,17.70,87
2024-11-01,24.7,8.60,89
2024-11-02,25.1,14.10,88
2024-11-03,24.3,27.70,90
2024-11-04,24.4,13.00,89
2024-11-05,24.7,0.00,85
2024-11-06,25.2,4.50,83
2024-11-07,24.5,2.20,87
2024-11-08,24.0,8.40,89
2024-11-09,24.6,23.00,90
2024-11-10,24.3,6.60,92
2024-11-11,24.5,7.10,89
2024-11-12,24.6,6.20,89
2024-11-13,24.9,4.80,86
2024-11-14,24.9,1.90,84
2024-11-15,25.3,4.40,85
2024-11-16,25.1,9.00,88
2024-11-17,24.8,13.70,89
2024-11-18,24.6,16.80,89
2024-11-19,24.2,21.20,91
2024-11-20,24.5,12.50,91
2024-11-21,24.6,9.90,91
2024-11-22,24.4,19.70,91
2024-11-23,24.7,5.20,89
2024-11-24,23.9,41.20,93
2024-11-25,24.5,17.90,92
2024-11-26,24.6,32.90,90
2024-11-27,24.9,10.80,90
2024-11-28,23.4,63.60,95
2024-11-29,23.6,12.50,95
2024-11-30,23.2,28.40,96
2024-12-01,23.8,12.50,94
2024-12-02,25.0,2.00,87
2024-12-03,24.8,1.80,85
2024-12-04,24.5,11.90,89
2024-12-05,24.7,3.80,90
2024-12-06,23.1,18.80,96
2024-12-07,24.1,27.40,93
2024-12-08,24.3,8.80,91
2024-12-09,23.1,41.70,98
2024-12-10,24.1,14.10,92
2024-12-11,24.2,7.30,90
2024-12-12,23.6,20.30,94
2024-12-13,24.7,8.90,87
2024-12-14,23.5,36.40,96
2024-12-15,24.3,25.90,92
2024-12-16,24.0,20.30,94
2024-12-17,24.0,30.40,93
2024-12-18,24.2,4.30,90
2024-12-19,24.6,8.70,86
2024-12-20,24.2,10.60,92
2024-12-21,24.4,14.60,92
2024-12-22,23.6,23.50,94
2024-12-23,24.5,8.80,91
2024-12-24,24.1,9.00,92
2024-12-25,23.9,15.50,91
2024-12-26,23.6,25.30,94
2024-12-27,24.8,1.20,86
2024-12-28,23.2,23.60,97
2024-12-29,22.7,36.80,98
2024-12-30,23.9,11.90,91
2024-12-31,24.0,24.30,90
