Kabupaten/Kota Se Jawa Timur,Luas Panen Padi Menurut Kabupaten/Kota (Hektar),,,,,,,,,,,,,,,,,,,,,,,,,,,,,,,,,,,,,,,,,,,,,,,,,,,,,,,,,,,,,,,,,,,,,,,,,,,,,,,,,,,,,,,,,,
,2018,,,,,,,,,,,,,2019,,,,,,,,,,,,,2020,,,,,,,,,,,,,2021,,,,,,,,,,,,,2022,,,,,,,,,,,,,2023,,,,,,,,,,,,,2024,,,,,,,,,,,,
,Januari,Februari,Maret,April,Mei,Juni,Juli,Agustus,September,Oktober,November,Desember,Tahunan,Januari,Februari,Maret,April,Mei,Juni,Juli,Agustus,September,Oktober,November,Desember,Tahunan,Januari,Februari,Maret,April,Mei,Juni,Juli,Agustus,September,Oktober,November,Desember,Tahunan,Januari,Februari,Maret,April,Mei,Juni,Juli,Agustus,September,Oktober,November,Desember,Tahunan,Januari,Februari,Maret,April,Mei,Juni,Juli,Agustus,September,Oktober,November,Desember,Tahunan,Januari,Februari,Maret,April,Mei,Juni,Juli,Agustus,September,Oktober,November,Desember,Tahunan,Januari,Februari,Maret,April,Mei,Juni,Juli,Agustus,September,Oktober,November,Desember,Tahunan
Kabupaten Pacitan,807,2219,4762,2415,1518,2221,2825,1114,556,431,169,275,19312,1527,2717,6150,2976,1210,1489,2671,1063,113,121,351,117,20504,33,609,798,8484,2828,1195,1297,2299,570,521,224,433,19292,539,3807,5240,1596,1439,1986,2444,309,329,205,876,125,18894,20.76,3226.83,5315.37,1905.57,1016.38,1757.44,2300.01,563.16,449.2,371.33,825.65,79.77,17831.47,393.6,3890.75,4706.16,1714.68,555.38,2531.34,1898.33,874.84,188.87,131.21,617.53,420.71,17923.4,61.91,44.17,2540.48,5009.7,3330.43,649.14,414.22,1450.87,442.16,203.6,71.53,384.64,14602.85
Kabupaten Ponorogo,33,668,13843,14047,315,3579,16651,5657,891,192,1128,6439,63444,1479,762,8860,17192,3169,1473,11472,9142,1384,298,223,2626,58080,4799,354,3798,21053,4403,556,11704,9926,1790,113,888,5689,65073,3515,247,9369,17714,2542,1877,14805,8297,1051,67,1197,8061,68741,1346.39,119.28,13146.19,12979.91,2400.76,2620.91,13696.87,6644.57,1442.86,64.65,1619.19,6882.79,62964.37,2594.09,122.09,14557.63,10585.49,3685.53,4912.77,10689.15,7758.69,2313.54,254.7,1590.15,7530.72,66594.55,2952.86,158.58,7142.08,16753.16,4675.3,2501.67,8212.47,9646.08,3729.04,475.47,1096.45,6052.44,63395.6
Kabupaten Trenggalek,17,504,5118,3759,1083,580,4298,2714,1649,1280,1061,669,22733,397,86,3904,4475,1703,282,3951,3039,1295,842,234,268,20475,130,223,1318,4979,3027,597,2541,2296,2514,493,1064,448,19631,565,829,3401,4593,783,1416,5033,1931,536,784,1412,1210,22492,508.19,128.91,5101.36,3306.49,1016.85,544.91,4676.86,2275.88,679.83,858.6,1675.62,1253.47,22026.97,498.72,752.81,5434.66,2937.63,913.54,693.14,3928.73,3404.94,657.65,457.84,1525.25,844.45,22049.36,317.75,67.77,1069.77,4599.55,3090.94,1067,1272.62,3643.84,839.97,1005.75,542.15,722.34,18239.46
Kabupaten Tulungagung,318,1649,5143,9415,1964,1142,2906,7365,2594,1261,1090,74,34920,880,481,3047,9458,5621,1239,1120,6288,4040,1108,848,455,34584,850,75,467,7276,9932,2656,216,2911,5666,5616,923,101,36689,530,3523,3642,9326,3468,2538,3092,5813,4096,2060,1127,635,39851,2133.15,827.77,4178.46,10366.31,3031.91,1685.79,2841.11,7473.64,2218.64,2303.05,1565.33,906.09,39531.25,2348.64,1560.66,9612.43,5252.79,1736.9,1938,5519.43,5682.48,2049.06,1565.1,1515.03,1458.14,40238.66,1286.68,1201.97,766.34,6294.13,6795.19,4488.76,1278.36,4130.49,2451.33,3196.6,1812.32,465.82,34167.99
Kabupaten Blitar,344,1544,6417,10042,5677,1584,3495,2099,1675,1922,890,1413,37102,1117,821,3490,10972,8076,2553,796,2047,1813,2422,1599,488,36194,314,486,2124,8147,10559,2786,1038,2079,3022,3187,951,101,34795,1636,2204,4430,9102,7690,2496,2310,2065,2043,1797,1360,1506,38641,897.41,907.23,4589.3,10836.26,6094.47,1439.57,1711.76,1903.2,2207.72,1995.28,1036.68,518.86,34137.74,927.32,2464.55,6767.38,9054.95,3530.6,2037.29,2441.75,2540.18,1482.65,1616.52,1759.79,1717.19,36340.17,682.25,636.75,1843.64,5976.4,10138.61,3261.73,908.17,1360.62,1825.01,1614.52,1863.3,678.76,30789.76
Kabupaten Kediri,570,2077,11567,5815,1614,2186,6232,2359,983,1013,1780,813,37009,1250,1825,11127,7350,1543,1226,7393,4282,778,319,1301,1054,39449,1358,965,8871,8972,2310,991,5975,3239,943,815,1149,775,36364,847,959,9077,8246,1391,852,6709,3237,654,890,714,1536,35113,629.63,1018.74,8128.63,6420.84,922.68,869.51,6722.36,1769.36,824.19,154.52,1069.85,849.55,29379.86,1389.92,1058.81,8415.55,6283.4,1597.04,1714.31,5278.88,2168.18,1148.55,689.71,753.9,770.08,31268.33,789.56,1174.64,6157.61,7525.11,2051.03,982.64,4494.63,3477.6,1146.19,603.74,892.64,1201.18,30496.57
Kabupaten Malang,2104,1988,5019,9819,5230,5234,2997,4315,4686,3268,3353,2360,50374,3389,1883,3584,8064,6432,5616,3128,3104,4625,2981,3173,2419,48398,3088,2028,2556,4235,8285,6564,3349,3744,3620,3776,2836,2039,46121,2859,3314,5069,6921,4494,3983,4933,4549,2115,2874,2186,2046,45344,4233.9,1676.67,5129.08,7177.74,5386.51,3755.81,3774.41,3578.29,2824.87,3002.99,2735.08,2626.56,45901.91,3057.49,1634.2,7396.54,5818.45,4266.26,3915.65,3687.64,2376.62,3374.74,3422.15,2796.58,2172.27,43918.59,2942.41,1574.76,2136.43,3754.71,6612.66,6777.51,4546.31,2244.35,1786.84,3095.38,3157.45,2391.15,41019.97
Kabupaten Lumajang,2165,3191,7424,9179,4820,3406,5733,6863,2306,2210,3063,6257,56617,3570,2116,4310,11305,6102,2352,3526,7513,4213,2634,2428,3397,53466,4592,1953,3279,8625,8021,4028,3000,6388,4435,3052,3478,2930,53781,5198,3671,3461,8508,6757,5117,3867,4441,4780,4263,2825,3784,56671,4642.66,4335.05,5992.02,7109.36,4972.36,5809.17,5028.97,3413.09,2675.27,3925.24,3836.92,3302.39,55042.5,3055.59,4100.43,7648.86,6854.62,3607.21,5704.16,5315.63,4693.4,2572.28,2516,3912.09,5148.52,55128.79,2837.91,2220.76,3491.89,7309.9,6560.67,4472.08,3434.27,5222.14,4071.2,2339.43,2988.46,2605.16,47553.88
Kabupaten Jember,2428,5580,29010,19558,7449,7057,22332,12246,4624,3873,5796,5182,125136,5812,4156,22737,26583,6752,5533,17353,17838,3847,3359,4167,5452,123591,5811,5287,7326,39295,10269,5432,8027,21985,6437,3620,4246,3869,121606,7195,3748,12915,35283,9150,6062,10534,19955,6424,3667,3703,5392,124028,6812.32,4286.86,15569.64,31794.58,9433.63,5545.26,9965.55,17142.36,6963.84,4659.24,2865.4,3450.57,118489.25,6906.74,6156.64,18994.89,27132.88,9209.97,8069.52,10069.11,16249.77,5200.75,5308.94,3260.54,3628.12,120187.87,5977.74,7058.58,10608.9,28316.86,14203.22,8846.91,6924.01,16919.04,9189.42,5378.94,3502.54,3143.25,120069.41
Kabupaten Banyuwangi,4411,2702,12480,12586,7371,3082,6215,8951,8526,6530,5236,6271,84361,7559,3129,7587,15779,9729,3376,3174,6774,8855,8888,4063,2640,81553,5179,2264,2093,11703,16607,7428,2788,4466,9592,12185,6963,2725,83993,5593,5228,11112,14845,5709,4838,6907,8034,6071,8492,5408,6888,89125,5333.88,2397.42,9762.19,13809.52,6737.4,4200.37,4448.32,4169.9,6282.53,10597.19,4959.13,4050.18,76748.03,4052.55,3621.96,9023.55,12483.67,6765.06,3838.93,4653.39,4686.78,6505.57,9755.91,4933.24,4741.87,75062.48,3431.66,2221.26,3874.61,12780.49,10069.29,3908.26,1650.9,4141.9,10063.97,8722.35,4118.18,2257.69,67240.56
Kabupaten Bondowoso,1582,2912,8004,7765,6019,3913,5675,3923,2040,1872,3311,2783,49799,4072,3410,6423,8008,5561,6342,5370,3760,2739,1986,3589,2197,53459,3490,4501,1995,11426,6369,6064,6298,3572,2059,2722,3177,2537,54210,2796,2706,7211,8211,5894,4770,6521,3126,2139,2774,2640,2832,51621,2918.1,2747.05,7609.32,7221.56,6446.7,4419.64,4705.88,2749.35,2200.96,2830.66,1995.21,2396.27,48240.7,2536.2,3679.39,7134.86,7464.76,5731.27,5223.04,4679.1,2879.6,2323.33,3133.24,3204.35,2375.84,50364.98,2471.54,3972.11,6756.95,7005.38,6435.97,6549.46,4663.58,3370.32,2142.53,2587.2,2413.39,2241.19,50609.62
Kabupaten Situbondo,817,2522,7704,5066,1774,2061,5136,1408,1169,940,1647,1379,31623,1110,3100,5705,6170,1949,2107,3534,1967,1090,1171,1193,1130,30226,1256,2608,4820,7042,2867,1862,2646,2501,1577,1037,1500,812,30529,1754,2426,5998,5979,2067,2005,2855,3140,1053,795,674,1643,30388,1158.05,2192.81,6643.09,4973.39,1502.94,1386.65,3103.44,2121.37,608.57,1139.2,1046.26,908.45,26784.22,1044.93,3203.41,6640.17,3326.3,1448.08,2561.7,3038.31,1980.64,1130.29,1134.24,1008.59,1400.66,27917.32,1404.05,2945.29,5177.42,5090.52,2862.35,1796.27,3298.95,2508.35,1378.38,1096.17,1429.64,947.68,29935.08
Kabupaten Probolinggo,1356,1443,8881,10037,3450,3448,3065,2362,1072,785,1295,1220,38415,1167,2733,5754,10919,5443,3216,3362,2281,1303,1084,1028,1174,39464,1023,1306,2696,11960,7956,2852,2048,2619,1848,905,1205,508,36926,1592,1301,6851,11352,4349,2696,1859,2574,1382,655,1112,1321,37043,1308.08,1245.11,6431.87,9067,4734.75,2467.06,1757.42,2122.09,1713.35,1125.63,844.79,685.97,33503.12,1905.37,1989.98,7548.2,8442.56,4113.62,3229.88,1771.4,2110.72,1183.72,944.52,865.51,1016.21,35121.69,1118.52,1336.5,2642.77,10027.9,7479.7,2526.9,1669.77,1607.44,2546.2,660.17,744.52,817.56,33177.95
Kabupaten Pasuruan,2535,2389,4950,10448,5635,2525,4622,6576,3568,3355,3026,2934,52562,3557,2344,4580,11284,6388,3032,3839,6024,4026,2851,3526,2338,53789,3754,2340,1937,10766,9395,4179,2062,6474,4559,3919,2437,1304,53127,3725,3020,3605,8724,6334,4540,3514,4091,3427,3943,3119,2265,50306,1953.69,1901.2,7436.61,7308.68,5522.17,2177.21,5967.49,2982.15,3497.59,2827.14,3219.27,2591.62,47384.82,2464.66,1916.71,7623.48,5655.97,6320.27,2940.54,5431.91,3494.41,4408.67,3623.78,2948.27,2170.47,48999.14,2687.56,2808.87,4361.17,9260.82,6487.81,3892.71,3985.31,5005.54,3317.04,3718.47,3847.33,1714.36,51087
Kabupaten Sidoarjo,2544,1534,3765,5646,4190,1857,2212,4404,4555,3263,1669,1637,37277,370,747,1933,6487,7187,1959,485,2127,3647,5903,2229,1212,34287,806,495,467,4157,8068,3842,1373,1022,3240,7980,2255,615,34321,145,159,2550,7321,5618,1787,663,1842,4599,4146,3208,547,32586,279.91,141.68,1274.71,6040.02,6697.04,1501.78,174.64,1346.14,4805.71,4777.51,4065.67,263.93,31368.74,233.31,182.1,3840.56,5143.85,5400.39,1035.92,649.76,1593.84,4860.41,4372.93,3343.3,374.09,31030.46,798.17,565.94,1000.79,4952.1,5611,3411.22,1700.5,1205.75,4284.13,4494.82,3366.17,709.52,32100.11
Kabupaten Mojokerto,653,3939,8956,8907,4719,3424,7510,6581,3541,1029,1388,1799,52446,1762,1587,11175,11322,4743,3644,6098,6575,4074,1680,1271,1062,54993,1994,2090,2160,17400,5323,3022,6888,7060,3865,2225,1778,702,54505,1580,271,7737,12727,5852,2887,6697,4994,2642,3085,1748,1039,51258,879.53,2810.33,7584.2,11314.7,4933.92,4208.72,4476.65,5074.82,2881.06,2509.24,941.86,1780.42,49395.45,1360.65,4892.41,8073.18,8264.11,6764.9,4907.34,4844.24,5437.65,3253.35,2548.64,1601.4,1514.28,53462.15,933.31,721.34,4877.72,13398.61,6718.21,2422.29,3794.95,4707.88,4659.73,2725.28,1630.51,706.23,47296.06
Kabupaten Jombang,235,3961,18230,12413,393,2037,11572,7573,3608,269,1443,1566,63301,509,1298,8856,18366,2697,1107,7046,8277,3801,2125,764,1292,56138,782,1480,3661,14614,11106,468,5524,6474,5205,3608,1475,1396,55793,473,330,8439,18563,2858,420,5944,8485,6726,97,902,1732,54968,994.45,191.81,7859.71,16174.83,5440.4,535.21,5464.45,8850.39,5974.71,706.47,1069.03,1635.22,54896.68,1194.85,385.42,9870.88,16293.31,3364.32,721.58,6353.66,9733.68,4738.74,1331.88,914.6,1859.79,56762.71,900.65,230.26,5503.27,17728.48,6218.64,528.28,4642.62,8084.13,6383.71,2132.58,639.4,2377.44,55369.46
Kabupaten Nganjuk,285,5286,20761,6775,1370,9765,12844,1647,2068,1631,2398,711,65539,1660,2281,17505,9924,4266,7321,13307,2640,1856,1397,2272,637,65066,1231,2289,16429,12405,4842,5435,15905,4479,1756,2104,2949,1331,71155,1306,3094,18703,11693,2160,8205,15663,2858,2143,2368,3017,1230,72440,1118.63,3079.18,18784.66,10999.51,1827.83,8440.48,14317.29,3490.56,1852.12,1794.89,2628.22,1998.4,70331.77,1839.1,2772.31,20143.2,9666.21,2755.81,10638.48,12856,2708.66,2276.34,2142.19,2685.71,1555.48,72039.49,744.71,1683.45,15164.16,13200.42,5051.06,6348.31,13458.67,4608.65,2063.51,2521.16,2782.78,2058.69,69685.57
Kabupaten Madiun,149,5020,16032,3797,378,10444,12143,2623,390,6349,8853,2955,69133,246,1042,16488,8222,83,2569,17612,5119,582,2218,10852,2981,68015,1392,581,12213,12174,1019,635,17559,8015,390,1024,12779,5220,73000,1346,242,16006,10676,932,1313,18937,6725,740,1148,12073,5577,75713,1704.64,171.22,13690.44,10749.4,2940.28,1057.52,16822.71,6924.42,2007.98,856.04,10491.63,5645.25,73061.53,2713.77,2242.3,9149.07,12153.74,3210.07,2864.51,10021.67,11019.72,1840.69,2538.94,7289.88,9740.59,74784.95,1379.16,1481.14,6614.95,16489.04,2438.9,1592.74,8139.16,14922.6,2320.74,1585.98,7266.35,9189.17,73419.94
Kabupaten Magetan,432,5831,10015,1872,2574,9538,6227,738,828,2263,4482,713,45514,291,2030,12098,2609,698,6741,7189,1391,540,1803,6047,796,42232,176,1338,11188,4509,1070,3483,10182,2297,362,4686,6555,977,46822,183,2308,13240,3094,1146,6546,9762,1118,920,3048,5344,1778,48488,149.42,2214.38,11266.2,3847.65,790.03,6447.55,8134.33,1478.57,671.98,2253.6,5060.18,1651.6,43965.49,319.97,1670.68,12173.99,3368.93,740.12,6902.68,7178.1,2665.82,1154.29,912.56,4667.65,2669.21,44424,127.07,1141.31,10660.69,5284.36,954.4,6000.14,6713.83,3647.08,107.06,1853.36,4007.91,2907.4,43404.62
Kabupaten Ngawi,1125,18137,19811,3733,4340,20755,16021,3901,3742,14834,12488,2874,121761,1654,8507,29392,5278,2881,19147,19475,3589,2606,10942,14872,4157,122501,1134,4099,32426,6956,1287,8458,29549,5534,603,7696,23104,5062,125908,726,5988,29825,7965,1566,10157,28179,5434,616,10685,21060,6537,128738,844.65,6181.52,26458.94,11893.7,1164.18,9526.58,26853.43,7598.35,987.72,6058.01,22120.14,8898.57,128585.79,1512.54,2065.1,27743.56,12496.15,2388.46,5800.92,24319.96,12793.29,1487.62,2904.02,18173.17,13238.13,124922.92,2113,1758.77,19484.39,21334.29,2514.6,4062.77,20068.05,16604.33,4139.23,4550.75,15913.24,10532.25,123075.68
Kabupaten Bojonegoro,4576,17334,37404,10399,9539,16393,14315,3468,10296,3412,4711,2924,134770,4480,7438,26617,30573,4035,18509,15821,5279,3795,4469,4241,3608,128864,2963,6196,18317,36834,12616,12181,16474,13374,5044,4893,4246,2496,135635,3562,10664,41759,14424,5486,22713,16078,1650,3910,6580,3781,4002,134609,1601.65,12711.01,49074.54,7751.19,2481.23,23745.1,16401.2,2668.2,3338.64,4624.72,5612.19,3655.83,133665.5,2152.36,29810.39,32452.72,6477.56,8881.52,28941.98,5564.07,3305,3749.89,5137.75,4013.48,2225.3,132712.02,2737.14,7175.29,21186.21,31243.42,11063.63,17625.74,15475.15,7374.47,4734.37,4903.54,4952.77,2748.83,131220.56
Kabupaten Tuban,2859,5658,28266,17112,1764,6662,7703,3921,7612,9659,2660,1980,95855,3772,5928,13357,27854,6665,3704,7322,5179,3175,10103,2990,1152,91200,3183,6250,10599,21304,15556,4591,5727,7264,5416,9109,2830,513,92342,4783,5346,21391,18593,3978,3782,8620,3854,5835,9493,1863,511,88050,5500.11,6434.16,26323.84,11951.43,2788.4,2690.36,8510.46,3555.16,6944.71,6901.04,2892.43,795.92,85288.02,5581.41,10312.2,28044.52,4398.16,3649.79,7823.93,6332.05,2818.16,6871.58,6597.74,1349.27,336.82,84115.63,7198.12,7556.7,8425.78,16679.84,11109.07,5072.7,6577.89,3748.72,7940.75,7455.43,1771.56,675.14,84211.69
Kabupaten Lamongan,1385,23129,30824,8184,13213,18685,8652,16203,20726,2254,690,836,144782,3073,9075,29694,21653,5360,21491,12940,16634,14583,4199,1350,411,140464,333,2676,26873,28882,8313,12092,16057,28751,14188,8403,1285,179,148031,355,6472,40194,14497,3468,21024,18194,16568,13512,2238,1432,496,138450,791.8,18455.52,39721.19,4668.93,6150.72,24522.35,16275.95,13591.04,10242.27,9540.13,6035.65,907.85,150903.4,2551.79,28366.08,27446.56,3985.55,11569.27,22716.89,11037.41,13618.23,15043.89,2130.04,594.83,644.27,139704.81,643.27,1192.74,28819.97,27996.74,5997.73,12835.97,15400.08,16666.98,16950.48,3326.39,228.27,611.8,130670.42
Kabupaten Gresik,449,16598,9352,2512,9883,7680,3594,1793,2663,1704,926,566,57722,1069,4308,21149,2345,2836,13631,6908,2416,2203,1952,2225,601,61643,1026,5354,17546,10094,1020,5171,15227,3575,3299,2356,2295,47,67011,409,6285,20837,3853,876,15578,6055,2002,533,3105,1541,320,61394,95.22,15729.75,13961.09,2149.54,2180.74,16543.66,4256.08,2254.27,1053.19,3522.05,1279.25,262.36,63287.2,1076.17,20347.69,8705.56,1267.81,7467.96,14023.63,2812.82,2686.9,3366.15,3202.02,1207.14,38.76,66202.61,119.91,1278.44,13442.5,13533.63,3035.84,5261.39,6462.98,1954.62,2775.37,3851.87,2214.63,126.27,54057.45
Kabupaten Bangkalan,785,7716,11434,4477,2218,4760,6435,1811,1249,74,0,0,40957,148,1521,12682,9797,1070,2621,7803,3035,28,192,683,274,39854,84,454,4120,14716,3364,2953,5623,6795,2855,1819,1155,109,44048,745,4120,17668,3544,1087,5200,5654,964,999,1595,536,-,42110,311.97,5174.01,17243.08,2536.59,972.29,5541.88,4920.67,2055.81,752.36,1041.18,167.97,0,40717.81,485.8,9782.45,13003.14,1569.67,1261.26,6571.02,3541.51,1495.75,301.22,0,0,0,38011.82,0,377.65,11376.25,10829.68,2085.39,1064.92,6867.51,4424.24,995.11,707.36,161.66,664.79,39554.55
Kabupaten Sampang,308,9385,13073,1682,3514,6499,1370,1098,458,80,257,0,37724,0,695,18074,5280,493,5553,2732,0,225,0,0,0,33052,-,523,13029,10064,3022,2340,4813,2875,380,624,121,-,37792,29,5520,20573,1502,970,7212,1843,279,130,56,37,-,38152,0,5340.3,19626.61,366.1,168.19,8435.77,821.98,0,0,121.89,0,0,34880.84,40.2,15374.75,9166.52,145.11,981.56,8835.04,202.15,0,40.17,10.04,0,0,34795.54,0,0,10884.01,12401.16,1569.8,1927.2,5377.53,848.33,0,0,60.26,0.64,33068.93
Kabupaten Pamekasan,0,3052,13112,3323,143,962,236,343,443,216,148,0,21978,0,1136,11008,6459,238,437,608,76,25,30,89,62,20169,29,116,1242,14688,3195,222,227,72,183,25,75,96,20170,96,930,14978,2168,258,71,324,48,25,28,-,-,18926,0,1145.35,17004.46,990.45,14.96,283.87,227.67,88.61,742.05,0,0,0,20497.42,28.56,3569.43,15172.06,382.89,59.34,394.79,0,249.45,0,27.84,0,0,19884.36,0,0,3769.63,13869.09,1851.33,61.56,83.46,0,1.12,0,1.19,0.24,19637.62
Kabupaten Sumenep,87,3195,17527,6517,960,2823,7032,1182,1312,3227,2208,123,46193,0,640,12504,13235,1644,1867,4056,3338,467,261,168,232,38412,78,282,2512,19598,6728,728,3734,5256,3015,309,400,115,42754,51,1969,17721,8152,610,2003,3615,4367,1095,640,76,-,40299,613.77,3603.41,20282.57,5833.47,459.63,2999.81,3284.11,2069.98,853.2,1140.89,610.96,83.61,41835.41,906.23,5054.66,20170.94,4374.84,409.51,3847.25,3122.75,3044.68,623.61,429.47,306.82,142.21,42432.97,24.69,266.67,7768.99,18057.38,3530.11,632.53,2379.24,3030.11,1005.54,0,61.57,4.64,36761.47
Kota Kediri,54,25,332,354,27,0,315,389,34,0,0,52,1582,107,34,101,421,159,87,33,232,204,18,0,0,1396,-,33,171,458,266,39,-,262,271,61,125,-,1686,54,18,262,412,209,29,75,370,221,50,-,36,1735,107.47,153.81,176.19,412.99,132.36,17.91,133.39,390.1,71.65,24.89,79.13,164.24,1864.13,35.82,58.71,88.06,204.01,409.55,0,17.91,426.44,110.5,49.78,0,118.91,1519.69,35.82,0,47.26,217.97,429.46,29.35,0,264.72,224.95,24.89,0,53.73,1328.15
Kota Blitar,0,0,208,409,81,0,0,63,0,0,0,0,760,0,10,101,272,180,172,73,62,41,0,0,0,912,-,-,-,103,310,212,11,62,74,-,-,-,771,6,6,40,424,257,13,19,70,51,-,-,-,885,6.18,0,30.08,433.7,208.76,0,6.18,24.74,18.55,0,0,0,728.19,6.18,6.46,123.18,418.44,111.31,6.46,6.46,75.82,32.26,0,0,0,786.57,0,0,0,54.82,235.33,85.17,21.22,57.55,107.58,12.37,0,0,574.04
Kota Malang,214,89,157,95,158,148,233,159,183,81,182,157,1857,60,289,242,76,112,131,59,286,321,57,173,212,2019,29,226,325,48,271,20,57,339,192,73,93,67,1739,136,281,189,85,108,121,91,316,174,30,114,149,1791,71.32,214.35,231.87,30.87,129.44,148.05,137.28,157.47,156.41,55.88,173.26,211.91,1718.11,114.2,109.61,54.65,71.32,334.36,141.76,162.94,14.21,71.32,165.69,130.17,262.65,1632.88,123.88,9.57,121.82,112.73,149.66,243.16,140.53,55.88,64.73,136.86,206.43,245.66,1610.91
Kota Probolinggo,0,0,282,499,227,13,0,0,31,38,38,37,1165,82,9,132,515,513,34,0,0,69,50,0,0,1402,-,39,75,404,551,222,13,-,-,81,65,-,1450,-,15,207,635,422,51,27,82,45,-,34,13,1531,18.86,0,155.09,569.2,470.2,49.37,0,0,14.92,46.35,0,0,1323.99,14.92,0,290.53,584.39,171.41,80.89,63.62,27.49,0,14.92,18.86,42.41,1309.44,21.21,0,83.24,730.08,383.39,59.68,0,18.86,78.54,15.27,0.65,0.16,1391.07
Kota Pasuruan,165,80,212,133,201,138,80,165,235,119,197,93,1819,270,152,136,133,147,229,191,128,124,102,145,299,2055,29,110,168,306,170,145,57,59,180,268,99,57,1649,123,148,61,248,62,119,79,125,126,150,146,167,1554,37.99,96.69,107.1,93.71,140.29,229.9,99.56,93.6,104.36,156.65,184.69,49.44,1393.98,51.7,17.85,172.45,219.59,105.64,107.54,93.71,57.22,156.89,204.92,171.4,15.79,1374.7,94.53,225.42,130.22,118.98,43.6,173.04,125.31,163.5,132.36,36.06,293.07,38.8,1574.89
Kota Mojokerto,49,9,0,93,101,60,0,94,134,10,43,137,730,108,0,10,16,106,149,70,0,40,84,68,49,701,40,54,-,30,117,110,30,60,127,127,37,-,733,-,-,70,59,227,6,-,-,180,199,12,-,754,0,30.15,0,110.99,158.29,10.05,57.11,102.82,131.78,111.23,30.15,90.46,833.03,0,43.26,12.36,155.31,80.77,30.9,18.54,24.72,177.09,40.45,37.08,0,620.48,16.23,37.08,18.54,24.72,205.18,0,0,0,168.86,81.9,18.55,0.04,571.1
Kota Madiun,0,18,544,9,0,40,504,18,12,0,192,24,1362,0,0,379,150,0,0,447,82,0,0,159,85,1302,6,-,465,384,-,-,611,191,-,15,484,158,2314,6,-,506,282,-,6,709,73,15,15,532,87,2229,0,0,505.65,281.75,0,0,712.31,75.09,0,14.5,498.77,106.51,2194.58,12.21,0,543.73,210.92,6.05,0,386.61,400.79,6.05,0,224.18,413.94,2204.48,12.1,0,152.52,592.54,42.33,0,142.61,620.6,18.14,0,252.46,356.78,2190.08
Kota Surabaya,121,185,875,206,101,83,323,423,220,54,29,67,2687,82,33,773,87,138,86,144,77,63,127,59,55,1724,12,126,89,801,222,78,93,199,95,61,82,8,1866,83,30,698,208,70,119,195,93,36,101,56,47,1736,16.67,166.5,579.14,146.81,45.88,32.53,126.98,163.34,81.96,15.97,32.04,40.16,1447.98,103.03,329.87,345.05,111.67,115.1,192.59,54.17,141.22,37.77,28.55,40.06,6.93,1506.01,50.24,8.91,98.86,649.82,124.37,39.85,43.5,80.77,125.3,40.25,54.32,5.56,1321.75
Kota Batu,157,0,132,155,134,39,0,78,12,26,61,77,871,108,26,0,69,173,243,51,78,17,9,0,17,792,52,61,40,26,102,195,80,49,56,-,42,49,750,42,49,49,24,126,106,62,100,60,10,50,149,825,113.82,120.75,51.36,59.67,90.21,144.81,102.72,113.81,48.56,59.67,26.37,127.7,1059.45,92.98,68.02,73.55,26.37,154.05,99.94,86.06,77.73,0,0,6.94,41.65,727.29,90.23,41.65,6.94,13.88,73.55,65.24,104.11,13.88,13.88,6.94,6.94,66.01,503.25
Jawa Timur,36120,161569,391629,229253,114149,164821,211502,126629,100691,79525,77907,57398,1751192,56736,78350,341663,331680,116104,151269,201161,141740,82610,77784,78379,44950,1702426,51055,59873,218193,394917,191365,113835,208803,178561,99431,99509,95370,43469,1754380,54581,91225,385081,291547,100414,154645,222870,133979,81434,82130,85916,63660,1747481,49154.27,111176.81,397025.85,243684.41,99604.78,155792.56,203017.6,121075.7,78325.31,82187.52,93293.97,58871.92,1693210.7,55603.57,173614.14,368364.38,204998.06,113873.25,175996.31,168128.93,135317.72,84739.5,69344.23,77466.76,70636.46,1698083.31,47125.84,53174.34,228208.77,369218.41,162229.75,121264.29,164472.47,157832.23,104224.48,75160.85,74370.59,59703.04,1616985.05
,,,,,,,,,,,,,,,,,,,,,,,,,,,,,,,,,,,,,,,,,,,,,,,,,,,,,,,,,,,,,,,,,,,,,,,,,,,,,,,,,,,,,,,,,,,
Catatan,Dihasilkan dari Pendataan Statistik Pertanian Tanaman Pangan Terintegrasi dengan Metode Kerangka,Sampel Area (KSA),,,,,,,,,,,,,,,,,,,,,,,,,,,,,,,,,,,,,,,,,,,,,,,,,,,,,,,,,,,,,,,,,,,,,,,,,,,,,,,,,,,,,,,,,