Kabupaten/Kota Se Jawa Timur,Produksi Padi Menurut Kabupaten/Kota (Ton),,,,,,,,,,,,,,,,,,,,,,,,,,,,,,,,,,,,,,,,,,,,,,,,,,,,,,,,,,,,,,,,,,,,,,,,,,,,,,,,,,,,,,,,,,
,2018,,,,,,,,,,,,,2019,,,,,,,,,,,,,2020,,,,,,,,,,,,,2021,,,,,,,,,,,,,2022,,,,,,,,,,,,,2023,,,,,,,,,,,,,2024,,,,,,,,,,,,
,Januari,Februari,Maret,April,Mei,Juni,Juli,Agustus,September,Oktober,November,Desember,Tahunan,Januari,Februari,Maret,April,Mei,Juni,Juli,Agustus,September,Oktober,November,Desember,Tahunan,Januari,Februari,Maret,April,Mei,Juni,Juli,Agustus,September,Oktober,November,Desember,Tahunan,Januari,Februari,Maret,April,Mei,Juni,Juli,Agustus,September,Oktober,November,Desember,Tahunan,Januari,Februari,Maret,April,Mei,Juni,Juli,Agustus,September,Oktober,November,Desember,Tahunan,Januari,Februari,Maret,April,Mei,Juni,Juli,Agustus,September,Oktober,November,Desember,Tahunan,Januari,Februari,Maret,April,Mei,Juni,Juli,Agustus,September,Oktober,November,Desember,Tahunan
Kabupaten Pacitan,3113.91,9298.99,22928.59,12468.81,7102.87,9847.13,13351.29,5124.13,2533.14,1927.78,772.21,1215.59,89684.44,6714.19,12153.75,29977.89,14779.22,5124.43,5233.98,10507.29,4483.32,475.37,517.33,1488.96,485.93,91941.66,157.82,2748.34,3585.16,36544.03,12084.42,5084.02,5480.04,9975.33,2673.08,2507.78,1067.66,2033.22,83940.9,2359.12,16374.32,25093.73,8038.47,6590.39,9046.42,11213.13,1424.31,1712.19,1069.71,4548.93,645.85,88116.57,128.68,13351.15,28860.17,11659.81,5065.52,8810.05,11470.02,2806.76,2134.27,1779.26,3984.2,378.32,90428.21,1970.51,17220.75,25014.4,10312.46,2914.51,13100.51,9959.72,4590.77,1107.08,758.3,3584.29,2459.34,92992.64,321.31,226.47,10901.71,24184.8,16062.1,3167.94,2024.01,7074.23,2274.74,1048.04,376.7,1988.93,69650.98
Kabupaten Ponorogo,202.2,4092.37,84787.64,85947.48,1728.29,19686.87,91559.34,31102.38,5985.77,1291.15,7586.17,43293.52,377263.18,8211.96,4235.64,49222.47,95494.03,16975.96,7896.26,61478.44,48982.81,9070.65,1955.68,1460.41,17221.19,322205.5,28844.89,2127.05,22831.36,126555.79,23480.75,2963.54,62418.12,52926.2,11642.69,735.12,5781.16,37026.53,377333.2,20937.46,1471.52,55816.49,105539.58,14618.92,10796.11,85188.34,47732.97,6338.63,398.36,7216.93,48609.73,404665.04,7662.82,679.02,74834.92,73880.59,13114.83,14317.9,74823.45,36298.96,9197.29,412.1,10319.55,43872.34,359413.77,15005.61,706.23,84201.65,61226.25,21378.84,28498,62003.73,45004.26,14839.43,1633.69,10194.9,48301.49,392994.08,17192.11,923.34,41582.99,97544.06,26975.57,14438.98,47397.46,55669.54,25458.43,3247.33,7482.04,41333.06,379244.91
Kabupaten Trenggalek,97.07,2943.02,28681.52,21859.55,5343.73,2913.26,21422.51,13585.82,8319.57,6579.01,5353.82,3475.75,120574.63,2476.15,533.68,24288.42,27725.08,8197.32,1367.35,18971.71,14719.07,6846.35,4431.4,1254.98,1402.06,112213.57,791.3,1364.88,8047.35,30181.55,15715.76,3128.69,13281.07,11977.24,13331.6,2613.79,5634.54,2377.85,108445.62,3289.59,4877.49,20209.95,26974.16,3542.64,6394.21,22845.22,8802.36,2654.64,3871.61,7046.7,5947.77,116456.34,2862.67,726.16,28038.22,18316.05,5131.56,2751.17,23599.74,11482.39,3457.26,4389.65,8628.65,6374.49,115758.01,2787.78,3926.37,29959.07,16011.57,4375.01,3292.29,18609.33,16132.09,3727.68,2606.97,8638.02,4808.35,114874.53,1950.36,401.72,6494.4,27952.25,17497.94,6105.63,7190.48,20765.44,4453.95,5345.06,2882.99,3819.13,104859.35
Kabupaten Tulungagung,2210.32,11479.46,35537.57,65542.98,10914.95,6344.94,16147.51,40925.79,14358.72,6978.27,6035.56,408.55,216884.62,4610.19,2517.03,15875.9,49525.63,32536.31,7172.69,6483.37,36305.8,25987.45,7037.46,5453.04,2925.71,196430.58,5272.38,467.61,2897.05,44982.98,57332.97,15334.57,1248.75,16803.2,32241.42,31986.65,5256.44,574.11,214398.13,3176.82,21040.78,21846.71,55933.06,19781.03,14473.37,17635.51,33153.41,26320.94,13236.8,7239.09,4079.44,237916.96,11798.84,4578.55,23033.24,57337.95,15382.79,8553.07,14414.74,37918.48,10850.19,11263,7655.2,4431.21,207217.26,13878.91,9046.44,56803.12,31040.53,9592.47,10703.09,30482.44,31382.92,13242.54,10114.83,9791.24,9423.58,235502.11,7995.45,7469.06,4762.05,38892.89,42110.8,27817.51,7922.19,25597.26,16160.7,21073.99,11947.9,3070.97,214820.77
Kabupaten Blitar,2123.29,9013.42,38862.23,61519.8,32247.23,8911.26,19805.22,11956.61,11326.11,12842.01,6019.42,9552.03,224178.63,7160.03,5275.88,20283.15,69990.1,45601.73,14420.69,4479.15,11534.68,12903.84,17393.19,11483.51,3501.24,224027.19,1870.27,2730.98,12637.8,46673.67,53297.58,14064.84,5259.5,10509.89,20763.24,21814.36,6532.63,692.77,196847.53,10497.28,13122.46,27847.25,59112.91,47925.3,15518.55,14291.18,12907.61,14069.02,12376.19,9365.02,10333.5,247366.27,5895.45,6030.96,28149.61,76764.97,32865.16,7763.05,9165.88,10244.33,14799.84,13375.71,6949.56,3478.27,215482.79,6236.93,15391.9,44937.3,62121.93,20884.39,11921.23,14266.77,15025.81,11187.12,12197.22,13097,12956.81,240224.41,4000.31,3733.52,10188.78,33912.17,51445.49,17095.68,4675.76,6904.23,11959.52,10580.12,12210.44,4448,171154.02
Kabupaten Kediri,3391.66,12358.98,68788.9,34595,9261.07,12542.02,35752.48,13536.18,6343.24,6533.19,11487.45,5244.66,219834.83,7363.99,10754.81,65559.19,43303.7,7956.93,6320.49,38096.62,22075.46,4823.57,1980.86,8067.92,6534.28,222837.82,8536.85,6063.19,55726.05,56372.71,12634.62,5421.65,32666.34,17713.75,5318.86,4600.14,6485.08,4374.17,215913.41,5048.24,5712.86,54046.94,49110.37,6952.79,4258.15,33539.58,16184.12,4028.96,5480.41,4398.58,9461.01,198222.01,3982.84,6444.23,51324.93,40549.24,4447.09,4190.83,32404.48,8527.89,4829.49,905.44,6268.99,4978.1,168853.55,8415.53,6410.77,50887,37963.58,8589.61,9214.37,28386.24,11661.46,7517.03,4514.02,4934.13,5040.02,183533.76,4613.28,6863.24,35940.27,43962.98,10789.87,5172.9,23642.82,18307.1,7389.2,3892.17,5754.64,7743.73,174072.2
Kabupaten Malang,12267.24,11593.92,28946.68,55664.58,27351.58,27238.83,15560.16,22119.22,29991.31,20920.14,21286.76,15079.48,288019.9,20509.11,11416.22,21724.71,47780.37,36030.88,31549.23,17582.24,17445.05,26843.24,17450.11,18576.79,14164.31,281072.26,19687.31,12929.94,16296.26,26997.73,45943.72,36566.85,18664.26,20864.05,22100.15,23719.8,17813.11,12806.64,274389.82,16774.25,19447.32,28799.36,40596.83,27393.78,24282.68,29843.72,27731.94,13416.69,18229.67,13864.58,12977.79,273358.61,26206.97,10378.24,31248.4,42413.56,30193.41,21052.72,21043,19820.58,17482.64,18584.99,16926.94,16255.33,271606.78,19480.42,10412.11,44844.59,36961.54,27504.44,25265.81,23177.8,15335.19,21909.05,22216.84,18155.59,14102.53,279365.91,18784.59,10053.4,13639.15,23956.37,39240.68,40303.9,27318.54,13516.88,11616.02,20183.79,20588.58,15591.82,254793.72
Kabupaten Lumajang,12003.15,17676.5,40959.73,50655.28,27033.08,19094.26,32128.64,38502.16,12114.68,11610.27,16089.82,32869.25,310736.82,19131.24,11339.24,23096.22,60579.46,32167.38,12401.87,18567.33,39596.37,22284.34,13936.79,12834.7,17959.28,283894.22,24849.94,10569.43,17740.79,46662.41,41602.08,20889.57,15563.06,33169.17,25433.13,17466.2,19949.68,16792.75,290688.21,26504.42,18700.53,17623.87,43349.94,34869.73,26434.92,19935.8,22916.47,25874.17,23075.44,15297.66,20492.57,295075.52,25843.22,24130.7,33313.22,39020.58,26150.05,30555.16,26449.33,17948.05,15068.96,22117.27,21622.65,18609.82,300829.01,17374.42,23227.76,43359.1,38600.12,19698.68,31116.16,29020.53,25619.62,14662.07,14336.35,22294.89,29336.38,308646.08,15245.06,11931.89,18735.4,39259.49,35045.14,23910.3,18379.41,27981.16,22592.93,12990.92,16588.7,14460.25,257120.65
Kabupaten Jember,13853.52,31838.6,165472.05,111530.26,40754.12,38624.65,122318.78,67076.15,23113.48,19357.78,28968.2,25901.76,688809.35,29468.15,21073.97,115230.9,134786.68,32701.75,26713.72,84094.99,86490.26,19733.38,17230.71,21370.6,27963.3,616858.41,29029.62,26409.82,36596.59,196286.86,47264.43,24994.79,36935.86,101188.94,32432.49,18238.87,21390.09,19495.01,590263.37,36210.9,18863.96,64984.91,177542.27,44381.16,29393.99,51095.72,96814.82,32280.15,18427.65,18608.02,27094.32,615697.87,35404.42,22279.31,80842.89,165118.25,47605.94,27983.74,50290.03,86506.89,35457.58,23723.25,14589.77,17569.12,607371.19,34925.84,31132.97,95937.54,137142.62,47046.27,41220.51,51435.82,83008.54,28360.42,28950.4,17780.19,19784.65,616725.77,32137.3,37948.27,57034.31,152124.69,71085.24,44278.07,34662.48,84699.05,47343.97,27712.36,18045.13,16194.01,623264.88
Kabupaten Banyuwangi,27729.16,16986.49,78457.91,79122.96,46085.58,19269.02,38857.35,55969.32,48805.21,37380.94,29969.24,35895.6,514528.78,42968.7,17787.12,43133.11,89701.12,50908.06,17665.52,16608.71,35445.64,47464.33,47640.36,21780.55,14150.64,445253.86,28464.04,12444.66,11500.74,64315.19,90760.31,40597.42,15234.87,24406.35,55818.6,70908.93,40522.49,15859.03,470832.63,33016.86,30863.99,65597.35,87637.38,31410.39,26618.5,38005.03,44205.66,35292.57,49365.41,31435.71,40041.22,513490.07,32500.03,14607.79,59482.3,84143.21,40645.75,25340.22,26836.06,25156.4,37248.67,62829.99,29402.33,24013.23,462205.98,24888.43,22243.99,55417.45,76667.52,39582.87,22461.86,27227.33,27422.7,39845.29,59752.95,30215.09,29042.98,454768.46,19910.58,12887.81,22480.59,74152.75,57253.35,22222.12,9386.91,23550.58,61509.14,53309.41,25169.54,13798.6,395631.38
Kabupaten Bondowoso,8154.93,15008.83,40514.92,39903.57,29549.95,19214.13,27867.64,19266.87,11080.07,10170.13,17985.68,15118.56,253835.28,19154.67,16305.45,30329.06,38176.7,24377.45,27795.15,23535.66,16481.16,14389.28,10430.65,18853.52,11543.19,251371.94,18181.82,23444.7,10395.02,59121.56,27602.76,26303.89,27318.26,15490.44,10428.88,13787.52,16091.82,12851.81,261018.48,14739.3,14274.66,37559.38,43022.78,28852.4,23350.76,31927.95,15306.49,10285.11,13332.86,12687.96,13611.81,258951.46,14393.68,13967.88,37513.22,36719.36,31670.35,21768.59,23118.32,13506.58,10697.93,13976.62,9697.87,11647.25,238677.65,12534.31,18119.04,34054.33,36892.04,28360.25,25845.35,23189.07,14249.23,11439.47,15427.25,15970.39,11698.01,247778.74,13288.81,21356.98,35639.77,37076.51,32077.29,32642.94,23243.59,16754.43,10761.27,13128.05,12246.11,11261.93,259477.68
Kabupaten Situbondo,4550.95,14030.42,42350.73,27406.32,10061.44,11726.58,29274.44,8031.97,6401.55,5149.73,9018.15,7552.89,175555.17,6477.13,17990.17,33206.15,35507.12,10234.93,11117.08,18589.22,10336.66,5755.65,6187.31,6300.91,5963.21,167665.54,6544.22,13569.28,25051.37,36436.02,14641.32,9516.72,13523.17,12772.49,8920.61,5872.93,8492.46,4587.6,159928.19,8907.76,12337.07,30484.29,30377.93,10057.92,9750.98,13889.32,15273.82,5089.28,3829.92,3246.47,7912.36,151157.12,6141.38,11665.28,35238.65,26438.18,7540.35,6956.29,15569.44,10642.09,3519.25,6597.2,6058.98,5260.91,141628,5865.85,18113.03,37524.24,18807.88,8077.69,14309.73,16914.05,11002.62,6449.08,6479.55,5744.88,7984.65,157273.25,8081.76,16968.77,29671.88,29128.21,14342.59,8999.3,16454.39,12568.31,7389.73,5877.32,7673.07,5081.49,162236.82
Kabupaten Probolinggo,5840.67,6214.52,37846.22,43059.06,17060.06,17050.02,15158.6,11666.79,5562.79,4070.21,6717.08,6329.6,176575.62,5766.51,13003.79,27662.79,53481.5,25464.75,15048.7,15738.2,10678.17,7648.69,6361.25,6032.75,6887.4,193774.5,5347.87,6829.49,14058.96,62418.31,40301.9,14433.52,10376.46,13267.73,10576.46,5183.04,6895.68,2910.64,192600.06,8283.92,6768.22,35428.08,58849.01,21612.15,13397.62,9235.7,12791.82,7362.64,3487.65,5926.23,7037.1,190180.14,7271.86,6921.8,35499.13,50329,25241.97,13152.43,9369.18,11313.32,10317.5,6778.35,5087.18,4130.79,185412.51,10721.82,11197.94,42000.38,47434.28,23831.89,18712.02,10262.45,12228.27,7278.12,5807.39,5321.6,6248.18,201044.34,5948.66,7107.95,14055.13,52923.64,39245.75,13258.57,8761.23,8434.19,14882.92,3858.76,4351.81,4778.77,177607.38
Kabupaten Pasuruan,14519.62,13649.11,27413.51,59298.9,33119.09,14856.06,27140.07,38676.31,20404.6,19241.56,17319.64,16828.02,302466.49,17441.8,11672.32,22051.7,55680.27,31136.33,14802.12,18759.13,29401.37,21661.59,15323.09,18972.72,12560.61,269463.05,19547.03,12181.82,10090.33,55022.37,46289.91,20593.72,10166.84,31918,25044.36,21529.78,13386.56,7165.55,272936.27,18989.39,15400.81,18352.75,44447.7,32103.41,23007.03,17807.84,20729.53,19917.06,22905.38,18128.38,13161.5,264950.78,10203.18,9892.04,37988.5,37700.84,29040.49,11449.71,31284.68,15668.85,18445.11,14909.38,16997.61,13675.33,247255.72,12957.94,10077.1,38941.4,29402.12,33248.85,15669.81,28540.62,18621.32,24326.81,20010.42,16280.27,11985.28,260061.94,15120.54,15783.65,24699.04,51311.51,32116.28,19310,19823.33,24818.76,19596.96,21933.49,22712.57,10128.38,277354.51
Kabupaten Sidoarjo,18447.54,11123.43,27302.82,40938.1,26893.71,11922.08,14200.55,28265.53,28298.69,20272.09,10366.97,10169.41,248200.92,2360.79,4773.75,12348.41,41430.97,46172.04,12584.79,3115.57,13666.72,27603.99,44683.23,16875.16,9172.69,234788.11,4191.42,2576.33,2428.03,21623.67,50002.15,23811.01,8512.14,6334.62,20612.36,50762.57,14343.72,3911.91,209109.93,894.24,978.92,15692.57,45053.34,31336.57,9970.46,3700.73,10276.08,31123.68,28060.29,21711.73,3702.79,202501.4,1716.71,868.93,7817.9,37043.93,38152.05,8555.42,994.9,7668.76,31682.19,31496.28,26803.39,1739.99,194540.45,1355.3,1057.82,22309.86,29880.69,33654.11,6455.64,4049.17,9932.48,32711.26,29430.45,22500.89,2517.68,195855.35,4826.56,3422.26,6051.81,29945.5,32691.01,19874.58,9907.52,7024.98,31741.95,33302.99,24940.6,5256.94,208986.7
Kabupaten Mojokerto,4221.65,25536.87,58304.2,57650.16,26008.64,18900.83,41032.67,36382.95,22751.11,6613.62,8915.76,11555.39,317873.85,11537.67,10392.84,73124.7,74136.67,27264.05,20851.79,35020.89,37609.36,25099.58,10347.94,7828.24,6542.15,339755.88,11972.37,12549.56,12974.64,103992.37,28635.43,16267.08,36969.37,37782.7,23247.1,13382.65,10693.19,4219.91,312686.37,9386.61,1609.37,46376.26,76140.2,32724.87,16083.69,37453.05,27927.45,15313.33,17876.76,10129.97,6020.76,297042.32,5459.45,17142.15,45864.99,69622.59,26522.39,22588.47,24030.68,27236.44,15397.86,13415.13,5033.78,9515.48,281829.41,8158.9,28759.8,47996.69,48971.98,36818.84,26716.53,26367.89,29606.56,18056.27,14145.09,8887.86,8404.34,302890.75,5887.05,4550,30494.51,84210.96,37615.43,13562.47,20940.04,26126.3,29874.27,17472.17,10453.47,4527.77,285714.44
Kabupaten Jombang,1456.1,24501.94,112790.38,76791.59,2429.36,12685,72077.35,47171.51,22980.74,1716.1,9195.01,9978.21,393773.29,3187.49,8133.39,55485.17,115053.7,15164.15,6224.26,39615.87,46535.07,26115.76,14597.8,5247.24,8876.44,344236.34,5353.16,10135.68,25075.67,100096.01,58590.26,2468.91,29143.12,34156.33,34813.05,24130.68,9867.06,9333.97,343163.9,2955.68,2059.76,52751.82,116041.31,15390.79,2263.33,32015.3,45696.96,41002.98,591.25,5498.04,10559.42,326826.64,6587.3,1270.56,52063.26,107143.18,30334.59,2984.22,30468.69,49348.01,36268.25,4288.48,6489.33,9926.27,337172.14,7806.56,2518.14,64491.48,106452.48,18359.34,3937.72,34672.39,53117.41,29743.89,8359.88,5740.72,11673.44,346873.45,5836.85,1492.25,35665.07,114893.04,35472.13,3013.39,26482.26,46113.19,40585.14,13558.1,4065.05,15114.85,342291.32
Kabupaten Nganjuk,1747.06,32371.45,127141.72,41488.96,7848.62,55957.96,73602.51,9438.41,13907.9,10970.72,16130.39,4779.42,395385.12,10599.54,14562.77,111775,63369.96,24190.39,41513.81,75452.17,14967.47,13078.26,9841.12,16005.27,4489.92,399845.68,8134.94,15133.16,108599.02,81998.34,26727.57,30001.39,87799.78,24722.41,11599.68,13896.29,19477.53,8793.94,436884.05,8321.07,19717.34,119196.59,74521.84,11534.71,43806.17,83622.96,15258.85,13048.98,14417.27,18373.44,7491.79,429311.01,6549.39,18028.09,109981.07,64400.31,8352.44,38569.55,65424.17,15950.43,11018.52,10678.05,15635.65,11888.76,376476.43,11374.57,17146.35,124582.85,59784.14,14696.76,56735.11,68561.17,14445.31,13345.63,12559.14,15745.67,9119.41,418096.11,4618.13,10439.49,94036.73,81859.09,26437,33226.75,70442.03,24121.45,13089.81,15992.92,17652.48,13059.21,404975.09
Kabupaten Madiun,812.18,29563.39,94455.58,22373.18,2076.72,60801.53,70771.25,15288.49,2288.4,37182.1,51983.96,17356.32,404953.1,1459.34,6057.87,97968.41,48841.73,514.16,15722.39,108813.79,31623.79,3788.9,14438.33,70653.76,19409.97,419292.44,8625.44,3599.98,75688.09,75453.66,5914.65,3685.5,101986.07,46552.5,2497.94,6569.86,81988.01,33490.68,446052.38,8073.36,1449.23,95998.01,64029.3,5624.59,7925.8,114348.36,40605.62,4684.54,7270.5,76464.9,35323.91,461798.12,9822.23,882.64,79297.09,62283.63,15005.43,5393.52,85856.55,35339.54,11383.71,4835.91,59472.63,32000.81,401573.69,15149.5,12432.66,51074.27,67784.05,18840.65,16835.07,58885.89,64726.23,11311.42,15647.74,44917.28,59988.32,437593.08,8285.96,8918.83,39832.58,99215.25,14346.55,9396.97,47977.38,88020.15,13835.17,9450.78,43346.02,54832.61,437458.25
Kabupaten Magetan,2772.92,37447.38,64277.42,12022.49,16196.5,60003.61,39175.87,4642.18,5288.16,14452.18,28624.57,4555.09,289458.37,1764.91,12328,73480.11,15846.76,3883.66,37512.02,40005.35,7737.99,4002.38,13369.8,44835.16,5905.21,260671.35,1286.08,9739.49,81796.4,32967.06,6049.4,19701.65,57586.8,12990.54,2500.14,32381.79,45301.6,6752.12,309053.07,1155.68,14598.06,83757.28,19574.87,7084.68,40466.31,60346.04,6912.65,6087.08,20166.78,35362.71,11767.54,307279.68,954.88,14151.19,71997.66,24588.75,4480.96,36569.8,46137.03,8386.29,4144.08,13897.89,31205.99,10185.37,266699.89,2028.9,10593.63,77194.13,21362.07,4364.56,40705.82,42330,15720.62,8137.28,6433.18,32905.05,18816.85,280592.09,796.67,7155.53,66837.97,33130.68,5830.76,36656.94,41017.12,22281.28,706.15,12222.39,26434.54,19176.02,272246.05
Kabupaten Ngawi,6802.98,109542.01,119519.34,22503.72,26324,125826.01,97148.61,23686.31,23755.02,94152.88,79261.68,18240.04,746762.6,10484.94,53932.03,186344.19,33460.56,17346.31,115147.64,117077.85,21583.92,17756.72,74541.46,101192.5,28322.24,777190.36,7564.73,27350.93,216342.48,46406.85,8079.76,53091.68,185518.77,34749.66,4286.08,54349.92,164079.43,35952.86,837773.15,4448.31,36572.31,182606.32,48776.05,9294.24,60280.26,167253.37,32254.39,3880.68,67235.52,132677.47,41196.73,786475.65,5184.08,37705.42,161888.54,72821.87,6447.01,52579.48,148533.65,42046.51,5947.46,36289.56,133000.33,53495.04,755938.95,9238.74,12573.66,168875.14,76167.68,13985.88,33955.28,142225.58,74862.19,9963.7,19450.39,121420.55,88532.58,771251.37,12826.55,10676.27,117677.47,129355.53,15742.03,25367.63,125246.82,103869.41,26537.08,28967.56,101852.09,67585.09,765703.53
Kabupaten Bojonegoro,26071.89,98763.59,212131.78,58608.84,47394.12,81366.73,71031.95,17230.94,67496.56,22365.97,30882.32,19168.71,752513.4,25497.92,42334.99,151447.33,173832.85,18255.29,83824.42,71629.02,23908.81,23869.96,28109.01,26672.43,22691.13,692073.16,16455.01,34413.21,101065.38,201732.58,62503.05,60580.6,81926.37,66467.02,31384.47,30442.06,26418.17,15527.2,728915.12,18919.35,56637.29,221428.29,75747.33,24344.39,100863.21,71378.09,7327.66,20833.28,35055.5,20144.64,21322.97,674002,9362.65,74278.61,283043.45,42332.37,10979.17,105282.46,72573.51,11806.49,18334.94,25397.75,30820.68,20076.86,704288.94,12065.62,166942.05,179152.2,33277.34,42244.38,137735.75,26462.7,15718.57,22897.35,31371.81,24506.87,13587.99,705962.63,15837.66,41517.71,122138.33,179810.36,51399.61,82737.06,72779.58,34705.98,29925.35,30994.66,31305.84,17375.04,710527.18
Kabupaten Tuban,15526.73,30721.53,153481.84,92904.5,10381.99,39285.52,45418.71,23119.31,53262.28,67645.69,18628.19,13864.83,564241.12,20176.71,31711.65,71450.23,148962.42,33837.62,18807.73,37182.33,26291.91,23968.36,76271.47,22577.47,8696.46,519934.36,17397.72,34158.25,57925.04,116423.68,74831.23,22086.2,27552.03,34942.52,36898.93,62061.8,19282.1,3494.38,507053.88,26280.91,29371.56,117522.51,102133.26,18699.85,17777.26,40517.56,18113.74,39225.7,63817.05,12523.29,3435.93,489418.62,31883.19,37297.72,152502.65,69187.04,14111.89,13615.72,43070.89,17992.41,47241.93,46944.86,19675.98,5414.31,498938.59,32714.42,60401.05,164251.75,25735.29,19460.59,41717,33755.08,15026.36,49276.16,47312.45,9675.63,2415.34,501741.12,45786.79,48067.7,53556.32,106059.88,57927.6,26444.97,34307.09,19551.51,58462.63,54889.52,13042.83,4970.65,523067.49
Kabupaten Lamongan,9068.71,151407.53,201693.85,53572.68,75277.47,106307.88,49252.29,92273.37,133463.79,14511.79,4441.35,5382.2,896652.91,18379.62,54279.39,177487.12,129375.8,30154.6,121092.47,72815.97,93795.49,101043.67,29095.4,9353.87,2851.03,839724.43,2079.32,16730.65,167716.11,180318.87,44788.12,65078.01,86458.58,155030.4,99009.44,58638.27,8964.89,1248.33,886060.99,2132.47,38919.57,241442.22,86994.09,18362.12,111250.47,96313.56,87711.58,83737.99,13852.22,8874.96,3070.84,792662.09,5039.56,117228.39,252152.07,29708.78,34231.15,136533.66,90623.69,75716.25,62340.06,58046.74,36736.27,5525.67,903882.29,15162.11,168447.67,162628.39,23649.89,60610.06,119010.87,57823.47,71339.66,98069.64,13885.52,3877.64,4199.93,798704.85,3983.57,7386.26,178246.94,172955.82,32427.6,69402.94,83230.6,90118.22,111204.45,21822.91,1497.6,4013.75,776290.66
Kabupaten Gresik,2781.16,102755.27,57899.01,15551.44,57103.19,44377.02,20766.06,10361.25,18230.62,11663.03,6336.64,3877.7,351702.39,6321.88,25468.78,125024.39,13865.17,16753.4,80513.07,40806.57,14270.22,14105.22,12496.56,14245.9,3846.5,367717.66,6451.09,33654.14,110293.75,63451.68,6057.83,30704.71,90408.2,21227.7,18754.71,13395.53,13048.93,268.36,407716.63,2514.4,38615.05,128026.32,23672.07,5377.67,95596.82,37155.99,12286.86,3529.16,20564.27,10208.79,2118.79,379666.19,618.63,102194.51,90703.72,13965.33,14177.11,107551.27,27669.02,14655.14,6836.77,22863.35,8304.24,1703.11,411242.2,6821.87,128984.62,55184.81,8036.69,46894.66,88060.65,17662.96,16872.25,21069.51,20042.18,7555.77,242.61,417428.58,744.29,7935.33,83438.12,84003.77,17876.62,30981.83,38057.42,11509.83,16839,23370.4,13436.79,766.13,328959.53
Kabupaten Bangkalan,4739.48,46564.49,68927.85,27021.81,12847.5,27605.63,37426.82,10502.98,7624.38,450.79,0,0,243711.73,746.65,7657.79,63895.8,49343.02,5353.23,13094.25,39003.24,15146.86,175.53,1202.03,4281.5,1720.1,201620,450.34,2437.42,22119.61,79013.4,14266.47,12519.43,23824.46,28797.02,11475.66,7309.78,4642.08,439.22,207294.89,3544.14,19609.59,84099.46,16866.14,4767.71,22824.7,24811.71,4226.72,4650.43,7429.14,2493.55,-,195323.29,1539.38,25496.13,85040,12486.32,4600.06,26236.55,23280.48,9726.37,3727.23,5158.06,832.13,0,198122.71,2459.47,49493.78,65721.06,7946.81,5804.55,30161.47,16252.19,6864.08,1554.55,0,0,0,186257.96,0,1830.8,55150.77,52497.07,9712.89,4959.96,31986.05,20606.3,4886.42,3473.43,793.82,3264.39,189161.9
Kabupaten Sampang,1677.43,47869.41,69272.52,9095.91,15709.58,29482.47,6267.93,4965.09,2795.9,490.6,1413.24,0,189040.08,0,3387.44,88112.71,25704,2101.73,24087.15,11641.73,0,1184.76,0,0,0,156219.52,-,2596.82,64948.52,50066.99,15892.86,12672.04,24700.4,14064.04,2292.72,3768.22,732.86,-,191735.47,160.7,29316.86,111563.89,8312.15,4476.69,31491.53,7764.89,1174.38,780.73,336.47,222.4,-,195600.69,0,26771.2,97788.76,1875.45,802.32,40656.71,3921.12,0,0,678.82,0,0,172494.38,200.75,73829.95,45340.64,724.64,4718.94,41181.52,935.79,0,207.31,51.81,0,0,167191.35,0,0,49859.56,57195.21,6095.92,7759.73,21405.52,3294.27,0,0,318.16,3.38,145931.75
Kabupaten Pamekasan,0,15625.1,68750.07,17610.25,630.98,4152.94,1018.21,1484.05,2685.06,1316.64,906.16,0,114179.46,0,5035.1,49671.49,29404.68,1045.14,1906.63,2623.05,329.41,159.3,188.13,559.01,391.38,91313.32,142.22,578.69,6307.08,73429.06,16509.59,1152.46,1187.77,382.65,1031.49,153.33,451.66,501.44,101827.44,420.72,4697.02,76685.19,11065.64,1180.66,376.97,1721.34,257.73,152.08,166.62,-,-,96723.97,0,5354.67,90218.87,5128.61,75.75,1405.45,1116.24,433.44,3915.68,0,0,0,107648.71,167.04,17887.31,84336.61,2207.94,321.31,2137.7,0,1278.11,0,147.12,0,0,108483.14,0,0,17754.96,73742.2,9261.51,309.58,419.71,0,5.92,0,6.26,1.28,101501.42
Kabupaten Sumenep,476.54,18144.72,99200.2,36945.12,4841.49,14564.64,36151.64,6002.02,8009.59,19707.66,13490.26,751.11,258284.99,0,3182.61,63644.67,67858.48,6754.76,7675.17,16604.53,13652.08,2901.38,1377.38,985.61,1454.17,186090.84,448.07,1618.97,14486.38,112783.2,32976.53,3565.87,18292.94,25742.69,14946.62,1537.47,1984.7,596.77,228980.21,290.4,11135.41,99717.89,45945.07,3305.74,10242.33,18650.55,22013.61,6489.11,3735.92,453.38,-,221979.41,3403.12,20342.32,110793.77,32538.2,2510.96,16358.36,17739.55,11320.84,4999.11,6529.64,3554.41,491.03,230581.31,4778.43,26514.33,103505.61,22667,2068.83,19355.23,15545.68,15385.25,3307.89,2286.65,1631.2,764.38,217810.48,128.11,1365.71,40912.66,95452.82,16924.19,3054.61,11409.19,14578.58,5308.96,0.02,340.36,24.48,189499.69
Kota Kediri,351.89,163.01,2171.06,2320.06,171.72,0,2009.92,2487.17,210.68,0,0,320.05,10205.56,643.85,206.69,604.37,2520.17,517.73,283.79,108.36,755.94,1279.94,112.15,0,0,7032.99,-,197.58,1025.89,2744.26,1338.16,196.83,0,1318.6,2052.2,460.09,950.2,-,10283.81,302.85,100.95,1478.5,2319.69,1017.84,142.95,363.73,1803.01,1445.47,325.59,-,234.28,9534.86,622.98,891.6,1021.33,2394,618.85,83.74,623.67,1823.91,446.33,155.05,492.93,1023.11,10197.5,200.36,328.4,492.58,1141.16,2236.15,0,97.79,2328.37,572.61,257.96,0,616.19,8271.57,231.69,0,305.68,1409.86,2667.76,182.32,0,1644.41,1445.86,159.98,0,345.35,8392.91
Kota Blitar,0,0,1390.46,2737.39,419.05,0,0,324.39,0,0,0,0,4871.29,0,70.63,693.65,1863.42,1181.48,1130.77,479.96,406.2,258.47,0,0,0,6084.58,-,-,-,669.7,2128.82,1457.12,74.01,424.98,519.61,-,-,-,5274.24,41.29,41.29,264.26,2833.08,1653.82,83.35,123.19,448.93,304.09,-,-,-,5793.3,47.24,0,229.91,3314.9,1316.2,0,38.96,155.98,108.94,0,0,0,5212.13,45.73,47.8,911.54,3096.49,738.4,42.85,42.85,502.97,208.05,0,0,0,5636.68,0,0,0,382.99,1500.12,542.92,135.27,366.85,712.14,81.88,0,0,3722.17
Kota Malang,1204.74,501.48,886.57,537.02,887.44,828.45,1307.27,889.85,1459.18,647.83,1447.96,1252.3,11850.09,396.44,1905.94,1595.45,500.25,742.87,867.67,388.52,1891.72,2365.49,422.11,1269.94,1563.3,13909.7,199.52,1580.81,2275.13,334.18,1645.29,124.06,346,2057.63,1430.59,543.04,690.22,497.28,11723.75,870.43,1801.68,1209.87,542.85,680.58,762.58,572.63,1990.77,1073.28,183.36,704.76,918.61,11311.4,453.91,1364.21,1475.71,196.47,781.06,893.36,828.37,950.2,1002.1,358.02,1110.06,1357.68,10771.15,782.25,750.81,374.34,488.53,2132.37,904.07,1039.14,90.62,425.37,988.21,776.36,1566.5,10318.57,916.58,70.81,901.34,834.08,933.86,1517.29,876.89,348.68,405.71,857.81,1293.86,1539.74,10496.65
Kota Probolinggo,0,0,1453.16,2570.89,950.48,52.63,0,0,155.37,189.77,188.03,186.68,5747.01,427,45.48,692.89,2698.47,2455.93,160.73,0,0,395.98,288.72,0,0,7165.2,-,237.81,455.94,2453.72,2492.03,1005.67,56.88,-,-,465.8,375.34,-,7543.19,-,83.33,1156.3,3546.65,2626.77,319.47,171.29,513.88,248.86,-,187.64,69.89,8924.08,118.83,0,977.15,3586.28,2831.75,297.33,0,0,71.25,221.33,0,0,8103.92,86.88,0,1691.82,3403.03,959.13,452.62,355.99,153.82,0,78.09,98.71,221.97,7502.06,131.07,0,514.4,4511.7,2329.03,362.55,0,114.57,440.64,85.65,3.63,0.9,8494.14
Kota Pasuruan,1168.79,569.72,1504.47,941.42,1244.64,853.8,496.93,1020.64,1474.7,745.13,1239.46,586.87,11846.57,1200.42,677.14,602.18,588.95,750.16,1170.19,979.44,654.12,774.05,636.89,906.03,1865.14,10804.71,171.84,653.58,1002.02,1819.75,993.18,849.5,335.11,345.22,1175.7,1749.53,645.78,374,10115.21,584.96,700.73,290.75,1177.99,314.21,606.25,400.17,635.73,769.78,913,891.34,1019.68,8304.59,204.67,520.91,576.99,504.85,691.41,1133.05,490.68,461.3,571.15,857.32,1010.78,270.58,7293.69,291.79,100.74,973.29,1239.35,602.09,612.92,534.09,326.12,954.38,1246.56,1042.65,96.05,8020.03,507,1209.01,698.42,638.13,235.27,933.75,676.19,882.27,763.34,207.96,1690.18,223.77,8665.29
Kota Mojokerto,254.88,48.53,0,489.29,664.26,398.54,0,622.89,707.55,52.88,223.68,719.65,4182.15,487.53,0,45.29,73.14,439.42,618.91,292,0,268.45,562.21,453.86,325.07,3565.88,231.15,308.07,-,173.32,731.1,692.43,188.95,377.96,766.71,768.52,223.57,-,4461.78,-,-,475.49,397.77,1176.57,32.08,-,-,1073.51,1185.99,73.52,-,4414.93,0,180.6,0,664.85,889.89,56.5,321.07,578.05,848.77,716.41,194.19,582.63,5032.96,0,226.03,64.58,811.47,395.76,151.4,90.84,121.12,995.67,227.43,208.48,0,3292.78,79.46,181.53,90.77,121.02,1170.32,0,0,0,1132.53,549.3,124.4,0.3,3449.63
Kota Madiun,0,116.48,3492.35,58.24,0,237.74,3004.76,108.11,77.65,0,1234.8,155.24,8485.37,0,0,2387.23,947.25,0,0,3083.48,568.91,0,0,829.95,442.57,8259.39,6.05,-,464.77,2709.01,-,-,3772.64,1179.45,-,92.23,3080.78,1007.8,15166.53,35.68,-,2982.28,1661.74,0,36.13,4232.01,434.75,92.17,92.17,3384,554.88,13505.81,0,0,2932.19,1633.82,0,0,3051.13,321.64,0,82.24,2828.82,604.08,11453.92,63.51,0,2828.31,1097.14,33.7,0,2153.67,2232.66,35.32,0,1308.75,2416.56,12169.62,68.74,0,866.48,3366.29,246.01,0,828.81,3606.77,104.88,0,1459.65,2062.79,12610.42
Kota Surabaya,675.05,1033.43,4845.46,1148.63,494.6,409.49,1581.61,2071.29,1312.53,325.83,174.16,402.45,14474.53,451.66,184.35,4277.15,482.65,732.1,458,763.87,405.77,375.06,785.04,355.18,325.95,9596.78,12.23,126.06,88.56,4568.32,1265.9,445.17,533.79,1136.45,735.18,474.2,631.21,58.13,11138.05,450.93,162.11,3805.02,1136.33,412.04,703.65,1149.5,550.23,216.68,616.55,343.55,286.08,9832.67,98.34,982.24,3416.56,866.09,208.34,147.72,576.62,741.73,520.13,101.35,203.33,254.86,8117.31,478.5,1532.01,1602.51,518.63,731.76,1224.41,344.39,897.82,246.28,186.16,261.22,45.19,8068.88,283.57,50.29,558,3667.83,609.06,195.15,213.02,395.54,760.32,244.27,329.6,33.77,7340.42
Kota Batu,1021.5,0,856.09,1006.31,887.94,260.31,0,516.84,87.13,196.02,457.32,580.07,5869.53,650.58,171.09,0,456.21,1110.45,1553.37,324.55,499.82,106,53.03,0,106,5031.1,52.06,61.01,39.66,166.46,720.03,1368.82,561.58,341.73,325,0,243.71,284.38,4988.4,277.66,324.01,324.01,157.3,962.73,811.33,476.22,761.86,368.71,60,308.71,917.65,5750.19,686.14,727.91,309.61,359.71,551.46,884.77,627.93,695.72,355.33,436.62,192.96,934.41,6762.57,629.29,460.36,497.79,178.47,1009.37,654.83,563.89,509.3,0,0,51.35,308.16,4862.81,668.6,308.63,51.43,102.85,523.72,464.55,741.33,98.83,103.54,51.77,51.77,492.39,3659.41
Jawa Timur,211336.91,960555.39,2293296.4,1345462.55,635297.04,923599.84,1190086.94,716395.27,624663.23,489721.49,470151.11,342647,10203213.17,314228.76,442558.79,1933799.6,1857128.26,616134.88,806305.87,1071320.17,750277.4,516564.94,501296,499059.44,272259.77,9580933.88,288721.13,345241.4,1324020.59,2243967.32,992091.94,603419.93,1135872.36,924107.6,599080.95,618298.54,603416.14,266300.36,9944538.26,300797.15,507757.43,2192542.16,1659178.45,532441.85,811440.39,1200996.28,715158.77,484774.35,493039.28,520043.05,371418.51,9789587.67,280648.72,649333.11,2287460.65,1419038.92,532767.5,823022.04,1057836.95,641197.02,460667.77,485091.07,547787.36,341664.56,9526515.67,319104.79,978255.37,2109963.82,1187207.4,626767.96,940075.2,924228.51,743342.68,528980.73,428914,485115.13,438705.74,9710661.33,277035.02,310234.48,1321465.79,2135744.25,865264.09,649671.78,889962.44,866020.53,652260.74,471937.28,462469.22,368369.67,9270435.29
,,,,,,,,,,,,,,,,,,,,,,,,,,,,,,,,,,,,,,,,,,,,,,,,,,,,,,,,,,,,,,,,,,,,,,,,,,,,,,,,,,,,,,,,,,,
Catatan,Dihasilkan dari Pendataan Statistik Pertanian Tanaman Pangan Terintegrasi dengan Metode Kerangka Sampel Area (KSA),,,,,,,,,,,,,,,,,,,,,,,,,,,,,,,,,,,,,,,,,,,,,,,,,,,,,,,,,,,,,,,,,,,,,,,,,,,,,,,,,,,,,,,,,,